id_menage,region,taille_menage,superficie_cultivee_ha,revenu_agricole_fcfa,acces_eau_potable,culture_principale,depend_pluie,precipitation_mm,temperature_moy_c,ndvi,precipitation_norm,ndvi_norm,revenu_norm,superficie_norm,indice_vulnerabilite
MEN00001,Saint-Louis,4,0.7,676778,0,Arachide,0,85.58833333333334,28.904999999999998,0.3875,0.8691204756076242,0.1843317972350229,0.304072185519495,0.021052631578947364,0.59
MEN00002,Matam,4,6.9,1971036,0,Sorgho,1,82.14833333333333,28.875,0.38383333333333336,0.6886693477880748,0.08294930875576054,0.9890989195248746,0.6736842105263158,0.6
MEN00003,Dakar,3,1.4,587925,0,Sorgho,0,75.38833333333334,29.01833333333333,0.39783333333333337,0.3340618989333803,0.4700460829493097,0.25704394200345726,0.09473684210526315,0.64
MEN00004,Matam,13,7.2,979796,0,Maïs,1,82.14833333333333,28.875,0.38383333333333336,0.6886693477880748,0.08294930875576054,0.4644539879768429,0.7052631578947368,0.67
MEN00005,Tambacounda,3,7.7,434829,1,Riz,1,76.045,28.790000000000003,0.4086666666666667,0.36850848050358487,0.7695852534562218,0.17601307113436657,0.7578947368421053,0.48
MEN00006,Diourbel,6,9.6,805889,0,Mil,1,77.41499999999999,29.205,0.3998333333333334,0.44037419129218375,0.5253456221198167,0.37240824112368565,0.9578947368421052,0.61
MEN00007,Thies,8,8.6,1366105,1,Mil,1,80.42,29.023333333333333,0.412,0.5980066445182728,0.8617511520737324,0.6689201705979928,0.8526315789473684,0.33
MEN00008,Ziguinchor,4,9.7,893844,0,Sorgho,1,84.96000000000001,28.91166666666667,0.39566666666666667,0.8361601678615149,0.4101382488479261,0.41896118990935527,0.9684210526315788,0.54
MEN00009,Kedougou,13,6.4,1907130,1,Sorgho,0,69.02,28.853333333333335,0.4063333333333333,0.0,0.7050691244239631,0.955274660016069,0.6210526315789474,0.32
MEN00010,Matam,4,0.9,577937,1,Mil,0,82.14833333333333,28.875,0.38383333333333336,0.6886693477880748,0.08294930875576054,0.2517574790113446,0.042105263157894736,0.5
MEN00011,Kedougou,4,4.1,1050870,1,Arachide,1,69.02,28.853333333333335,0.4063333333333333,0.0,0.7050691244239631,0.5020721368256028,0.3789473684210526,0.58
MEN00012,Kaffrine,6,6.9,1571823,0,Sorgho,0,69.33833333333334,29.235,0.394,0.016698723553069186,0.36405529953917076,0.777802889241508,0.6736842105263158,0.56
MEN00013,Ziguinchor,14,2.8,1069429,1,Riz,0,84.96000000000001,28.91166666666667,0.39566666666666667,0.8361601678615149,0.4101382488479261,0.5118950710136904,0.2421052631578947,0.34
MEN00014,Saint-Louis,8,8.5,1727389,0,Arachide,0,85.58833333333334,28.904999999999998,0.3875,0.8691204756076242,0.1843317972350229,0.8601410852598296,0.8421052631578947,0.38
MEN00015,Tambacounda,8,4.3,238807,0,Sorgho,1,76.045,28.790000000000003,0.4086666666666667,0.36850848050358487,0.7695852534562218,0.07226226530337883,0.39999999999999997,0.7
MEN00016,Fatick,13,5.2,1955315,1,Arachide,1,88.08333333333333,28.970000000000002,0.397,1.0,0.44700460829493127,0.9807780860548103,0.4947368421052632,0.34
MEN00017,Diourbel,6,7.6,1230317,1,Sorgho,1,77.41499999999999,29.205,0.3998333333333334,0.44037419129218375,0.5253456221198167,0.5970501028393832,0.7473684210526316,0.46
MEN00018,Louga,9,3.9,390102,1,Mil,0,77.45166666666667,28.598333333333336,0.39033333333333337,0.44229760447630734,0.26267281105990836,0.15233990030454853,0.35789473684210527,0.48
MEN00019,Kedougou,4,2.0,435506,1,Sorgho,0,69.02,28.853333333333335,0.4063333333333333,0.0,0.7050691244239631,0.17637139466717194,0.15789473684210525,0.51
MEN00020,Kolda,9,6.2,1081571,1,Sorgho,0,79.40833333333333,29.543333333333333,0.417,0.5449379262108761,1.0,0.5183216062209623,0.6,0.22
MEN00021,Saint-Louis,14,1.6,1955535,1,Riz,0,85.58833333333334,28.904999999999998,0.3875,0.8691204756076242,0.1843317972350229,0.9808945279709361,0.11578947368421054,0.32
MEN00022,Kaolack,9,2.0,106805,1,Sorgho,0,72.70166666666667,28.84333333333333,0.4056666666666667,0.1931281692603605,0.6866359447004612,0.0023960570650074045,0.15789473684210525,0.5
MEN00023,Ziguinchor,4,8.8,725884,0,Arachide,1,84.96000000000001,28.91166666666667,0.39566666666666667,0.8361601678615149,0.4101382488479261,0.330063079761654,0.8736842105263158,0.57
MEN00024,Tambacounda,5,5.6,1732898,0,Sorgho,1,76.045,28.790000000000003,0.4086666666666667,0.36850848050358487,0.7695852534562218,0.8630568966959077,0.5368421052631579,0.56
MEN00025,Sedhiou,3,1.6,861225,1,Arachide,0,77.26333333333334,29.096666666666668,0.38083333333333336,0.4324182549396751,0.0,0.40169655871795334,0.11578947368421054,0.54
MEN00026,Fatick,12,9.5,279628,1,Mil,0,88.08333333333333,28.970000000000002,0.397,1.0,0.44700460829493127,0.09386806284052644,0.9473684210526315,0.25
MEN00027,Diourbel,13,5.0,1253021,0,Riz,1,77.41499999999999,29.205,0.3998333333333334,0.44037419129218375,0.5253456221198167,0.6090669085835688,0.47368421052631576,0.64
MEN00028,Fatick,11,7.7,1546757,0,Riz,1,88.08333333333333,28.970000000000002,0.397,1.0,0.44700460829493127,0.7645359207432805,0.7578947368421053,0.48
MEN00029,Saint-Louis,13,4.0,1986627,1,Mil,0,85.58833333333334,28.904999999999998,0.3875,0.8691204756076242,0.1843317972350229,0.9973509464081374,0.3684210526315789,0.28
MEN00030,Fatick,4,3.7,1333772,0,Sorgho,0,88.08333333333333,28.970000000000002,0.397,1.0,0.44700460829493127,0.6518069138975544,0.3368421052631579,0.41
MEN00031,Dakar,4,7.2,223467,0,Mil,0,75.38833333333334,29.01833333333333,0.39783333333333337,0.3340618989333803,0.4700460829493097,0.06414308806078692,0.7052631578947368,0.57
MEN00032,Kedougou,8,1.2,599131,1,Maïs,0,69.02,28.853333333333335,0.4063333333333333,0.0,0.7050691244239631,0.26297506978575746,0.07368421052631578,0.51
MEN00033,Ziguinchor,5,7.4,1950491,1,Arachide,1,84.96000000000001,28.91166666666667,0.39566666666666667,0.8361601678615149,0.4101382488479261,0.978224832403033,0.7263157894736842,0.35
MEN00034,Tambacounda,9,2.3,303278,1,Riz,1,76.045,28.790000000000003,0.4086666666666667,0.36850848050358487,0.7695852534562218,0.10638556882405309,0.1894736842105263,0.58
MEN00035,Kolda,10,8.7,213605,0,Mil,1,79.40833333333333,29.543333333333333,0.417,0.5449379262108761,1.0,0.05892331452972815,0.863157894736842,0.55
MEN00036,Matam,8,8.1,329153,0,Arachide,0,82.14833333333333,28.875,0.38383333333333336,0.6886693477880748,0.08294930875576054,0.12008072600476141,0.7999999999999999,0.56
MEN00037,Ziguinchor,10,1.8,484802,1,Maïs,0,84.96000000000001,28.91166666666667,0.39566666666666667,0.8361601678615149,0.4101382488479261,0.20246285238234868,0.1368421052631579,0.4
MEN00038,Kedougou,4,4.7,1906379,0,Mil,0,69.02,28.853333333333335,0.4063333333333333,0.0,0.7050691244239631,0.9548771696569304,0.4421052631578948,0.5
MEN00039,Thies,6,2.1,1118463,1,Arachide,1,80.42,29.023333333333333,0.412,0.5980066445182728,0.8617511520737324,0.53784785699239,0.16842105263157894,0.45
MEN00040,Dakar,5,4.1,918773,1,Maïs,1,75.38833333333334,29.01833333333333,0.39783333333333337,0.3340618989333803,0.4700460829493097,0.4321556468507225,0.3789473684210526,0.57
MEN00041,Kolda,14,9.6,1742828,1,Arachide,0,79.40833333333333,29.543333333333333,0.417,0.5449379262108761,1.0,0.8683126613646781,0.9578947368421052,0.12
MEN00042,Kaolack,6,9.7,1314629,0,Riz,0,72.70166666666667,28.84333333333333,0.4056666666666667,0.1931281692603605,0.6866359447004612,0.6416748793502964,0.9684210526315788,0.43
MEN00043,Dakar,12,5.0,1888283,0,Mil,0,75.38833333333334,29.01833333333333,0.39783333333333337,0.3340618989333803,0.4700460829493097,0.9452992927741439,0.47368421052631576,0.48
MEN00044,Kedougou,5,1.2,242524,0,Maïs,0,69.02,28.853333333333335,0.4063333333333333,0.0,0.7050691244239631,0.07422960440446841,0.07368421052631578,0.69
MEN00045,Louga,6,6.0,183344,0,Maïs,1,77.45166666666667,28.598333333333336,0.39033333333333337,0.44229760447630734,0.26267281105990836,0.04290672896662034,0.5789473684210527,0.77
MEN00046,Kaolack,6,6.9,758891,0,Riz,1,72.70166666666667,28.84333333333333,0.4056666666666667,0.1931281692603605,0.6866359447004612,0.34753307215058693,0.6736842105263158,0.67
MEN00047,Diourbel,13,6.6,1058869,1,Mil,0,77.41499999999999,29.205,0.3998333333333334,0.44037419129218375,0.5253456221198167,0.5063058590396506,0.6421052631578947,0.33
MEN00048,Sedhiou,12,10.0,309675,0,Sorgho,0,77.26333333333334,29.096666666666668,0.38083333333333336,0.4324182549396751,0.0,0.10977138217613004,1.0,0.6
MEN00049,Ziguinchor,7,1.8,831924,0,Arachide,1,84.96000000000001,28.91166666666667,0.39566666666666667,0.8361601678615149,0.4101382488479261,0.38618808333430366,0.1368421052631579,0.67
MEN00050,Kaolack,5,4.7,1239210,1,Sorgho,0,72.70166666666667,28.84333333333333,0.4056666666666667,0.1931281692603605,0.6866359447004612,0.6017570026580513,0.4421052631578948,0.37
MEN00051,Saint-Louis,11,3.3,1491226,0,Arachide,1,85.58833333333334,28.904999999999998,0.3875,0.8691204756076242,0.1843317972350229,0.7351443932688104,0.29473684210526313,0.63
MEN00052,Thies,4,7.6,425997,1,Riz,0,80.42,29.023333333333333,0.412,0.5980066445182728,0.8617511520737324,0.17133845748335144,0.7473684210526316,0.27
MEN00053,Matam,8,2.4,1430093,1,Sorgho,1,82.14833333333333,28.875,0.38383333333333336,0.6886693477880748,0.08294930875576054,0.7027878311846272,0.19999999999999998,0.56
MEN00054,Kaolack,3,1.4,988302,1,Mil,0,72.70166666666667,28.84333333333333,0.4056666666666667,0.1931281692603605,0.6866359447004612,0.46895605587941697,0.09473684210526315,0.44
MEN00055,Kaffrine,5,6.6,649360,0,Maïs,1,69.33833333333334,29.235,0.394,0.016698723553069186,0.36405529953917076,0.28956034708159506,0.6421052631578947,0.78
MEN00056,Ziguinchor,3,1.6,1952008,0,Sorgho,0,84.96000000000001,28.91166666666667,0.39566666666666667,0.8361601678615149,0.4101382488479261,0.9790277523428643,0.11578947368421054,0.44
MEN00057,Kedougou,8,6.0,410575,1,Arachide,0,69.02,28.853333333333335,0.4063333333333333,0.0,0.7050691244239631,0.16317587916293083,0.5789473684210527,0.45
MEN00058,Kaolack,8,9.0,1769589,0,Riz,0,72.70166666666667,28.84333333333333,0.4056666666666667,0.1931281692603605,0.6866359447004612,0.8824767618985113,0.8947368421052632,0.41
MEN00059,Saint-Louis,6,6.8,841717,1,Sorgho,0,85.58833333333334,28.904999999999998,0.3875,0.8691204756076242,0.1843317972350229,0.3913713364462139,0.6631578947368421,0.33
MEN00060,Fatick,5,9.8,1800311,0,Maïs,0,88.08333333333333,28.970000000000002,0.397,1.0,0.44700460829493127,0.8987373462040464,0.9789473684210527,0.28
MEN00061,Diourbel,14,9.3,1740783,1,Arachide,1,77.41499999999999,29.205,0.3998333333333334,0.44037419129218375,0.5253456221198167,0.8672302808261448,0.9263157894736843,0.39
MEN00062,Diourbel,14,1.5,1929066,0,Maïs,0,77.41499999999999,29.205,0.3998333333333334,0.44037419129218375,0.5253456221198167,0.966884977616688,0.10526315789473684,0.5
MEN00063,Fatick,10,3.8,1820789,0,Arachide,0,88.08333333333333,28.970000000000002,0.397,1.0,0.44700460829493127,0.9095759714696134,0.34736842105263155,0.37
MEN00064,Saint-Louis,6,4.3,684272,0,Riz,1,85.58833333333334,28.904999999999998,0.3875,0.8691204756076242,0.1843317972350229,0.30803862060789033,0.39999999999999997,0.68
MEN00065,Saint-Louis,11,4.3,1869285,1,Mil,0,85.58833333333334,28.904999999999998,0.3875,0.8691204756076242,0.1843317972350229,0.9352440040352417,0.39999999999999997,0.29
MEN00066,Kaolack,5,6.0,656723,0,Mil,1,72.70166666666667,28.84333333333333,0.4056666666666667,0.1931281692603605,0.6866359447004612,0.2934574463017518,0.5789473684210527,0.69
MEN00067,Kaffrine,14,8.0,1015184,0,Maïs,0,69.33833333333334,29.235,0.394,0.016698723553069186,0.36405529953917076,0.48318419946711944,0.7894736842105263,0.58
MEN00068,Kaolack,3,7.2,103546,0,Riz,1,72.70166666666667,28.84333333333333,0.4056666666666667,0.1931281692603605,0.6866359447004612,0.000671128862034325,0.7052631578947368,0.72
MEN00069,Thies,13,9.2,1406851,1,Mil,1,80.42,29.023333333333333,0.412,0.5980066445182728,0.8617511520737324,0.6904862720273702,0.9157894736842105,0.32
MEN00070,Ziguinchor,7,6.8,784055,1,Riz,0,84.96000000000001,28.91166666666667,0.39566666666666667,0.8361601678615149,0.4101382488479261,0.36085191022963403,0.6631578947368421,0.3
MEN00071,Fatick,9,6.8,895125,0,Sorgho,1,88.08333333333333,28.970000000000002,0.397,1.0,0.44700460829493127,0.4196391994300698,0.6631578947368421,0.55
MEN00072,Kolda,11,8.4,737271,1,Arachide,1,79.40833333333333,29.543333333333333,0.417,0.5449379262108761,1.0,0.3360900074840395,0.8315789473684211,0.37
MEN00073,Tambacounda,12,6.3,775805,1,Maïs,1,76.045,28.790000000000003,0.4086666666666667,0.36850848050358487,0.7695852534562218,0.3564853383749155,0.6105263157894737,0.48
MEN00074,Saint-Louis,6,5.4,1764583,0,Mil,1,85.58833333333334,28.904999999999998,0.3875,0.8691204756076242,0.1843317972350229,0.8798271790252118,0.5157894736842106,0.58
MEN00075,Ziguinchor,13,6.5,802940,0,Arachide,1,84.96000000000001,28.91166666666667,0.39566666666666667,0.8361601678615149,0.4101382488479261,0.37084739016616264,0.631578947368421,0.6
MEN00076,Fatick,6,1.9,196917,0,Maïs,0,88.08333333333333,28.970000000000002,0.397,1.0,0.44700460829493127,0.05009066591014707,0.14736842105263157,0.53
MEN00077,Sedhiou,9,8.9,1307269,0,Maïs,1,77.26333333333334,29.096666666666668,0.38083333333333336,0.4324182549396751,0.0,0.6377793679744506,0.8842105263157896,0.69
MEN00078,Kolda,6,1.9,1542048,0,Mil,1,79.40833333333333,29.543333333333333,0.417,0.5449379262108761,1.0,0.7620435344567508,0.14736842105263157,0.55
MEN00079,Fatick,5,8.1,1559432,1,Mil,0,88.08333333333333,28.970000000000002,0.397,1.0,0.44700460829493127,0.7712445629564391,0.7999999999999999,0.17
MEN00080,Kedougou,4,4.8,1780692,1,Sorgho,1,69.02,28.853333333333335,0.4063333333333333,0.0,0.7050691244239631,0.8883533736928072,0.4526315789473684,0.51
MEN00081,Tambacounda,10,6.3,1608426,1,Sorgho,1,76.045,28.790000000000003,0.4086666666666667,0.36850848050358487,0.7695852534562218,0.7971761776776612,0.6105263157894737,0.41
MEN00082,Diourbel,14,8.7,1043864,1,Arachide,1,77.41499999999999,29.205,0.3998333333333334,0.44037419129218375,0.5253456221198167,0.4983639910784321,0.863157894736842,0.45
MEN00083,Tambacounda,11,5.1,601734,1,Maïs,0,76.045,28.790000000000003,0.4086666666666667,0.36850848050358487,0.7695852534562218,0.2643527893661008,0.4842105263157894,0.36
MEN00084,Matam,7,2.7,804323,1,Sorgho,0,82.14833333333333,28.875,0.38383333333333336,0.6886693477880748,0.08294930875576054,0.3715793863934445,0.23157894736842108,0.46
MEN00085,Diourbel,5,2.7,1555318,0,Arachide,0,77.41499999999999,29.205,0.3998333333333334,0.44037419129218375,0.5253456221198167,0.769067099124886,0.23157894736842108,0.51
MEN00086,Kolda,9,3.6,1077114,1,Mil,0,79.40833333333333,29.543333333333333,0.417,0.5449379262108761,1.0,0.5159625988565404,0.3263157894736842,0.26
MEN00087,Kedougou,9,4.2,1714378,0,Sorgho,1,69.02,28.853333333333335,0.4063333333333333,0.0,0.7050691244239631,0.8532546044838606,0.38947368421052636,0.67
MEN00088,Sedhiou,3,9.5,726236,1,Maïs,0,77.26333333333334,29.096666666666668,0.38083333333333336,0.4324182549396751,0.0,0.3302493868274553,0.9473684210526315,0.42
MEN00089,Sedhiou,6,3.1,1118465,0,Maïs,1,77.26333333333334,29.096666666666668,0.38083333333333336,0.4324182549396751,0.0,0.5378489155552638,0.2736842105263158,0.79
MEN00090,Saint-Louis,13,8.1,1618718,0,Maïs,0,85.58833333333334,28.904999999999998,0.3875,0.8691204756076242,0.1843317972350229,0.8026235422266024,0.7999999999999999,0.4
MEN00091,Louga,11,0.8,926320,0,Mil,1,77.45166666666667,28.598333333333336,0.39033333333333337,0.44229760447630734,0.26267281105990836,0.4361501338552754,0.03157894736842106,0.79
MEN00092,Diourbel,10,2.2,645587,1,Riz,0,77.41499999999999,29.205,0.3998333333333334,0.44037419129218375,0.5253456221198167,0.2875633682200371,0.17894736842105266,0.44
MEN00093,Sedhiou,8,3.7,1944738,1,Riz,1,77.26333333333334,29.096666666666668,0.38083333333333336,0.4324182549396751,0.0,0.9751798762963425,0.3368421052631579,0.57
MEN00094,Kaolack,4,5.0,1670817,0,Riz,0,72.70166666666667,28.84333333333333,0.4056666666666667,0.1931281692603605,0.6866359447004612,0.8301985758095095,0.47368421052631576,0.48
MEN00095,Saint-Louis,4,7.9,1466828,0,Mil,0,85.58833333333334,28.904999999999998,0.3875,0.8691204756076242,0.1843317972350229,0.7222309847704559,0.7789473684210527,0.41
MEN00096,Fatick,3,6.4,600265,0,Maïs,0,88.08333333333333,28.970000000000002,0.397,1.0,0.44700460829493127,0.2635752749352424,0.6210526315789474,0.43
MEN00097,Louga,6,4.9,637381,1,Arachide,0,77.45166666666667,28.598333333333336,0.39033333333333337,0.44229760447630734,0.26267281105990836,0.28322008474854365,0.46315789473684216,0.45
MEN00098,Tambacounda,5,9.7,326699,0,Riz,1,76.045,28.790000000000003,0.4086666666666667,0.36850848050358487,0.7695852534562218,0.11878186935852149,0.9684210526315788,0.61
MEN00099,Kolda,14,2.4,1341719,0,Mil,1,79.40833333333333,29.543333333333333,0.417,0.5449379262108761,1.0,0.6560131134768815,0.19999999999999998,0.56
MEN00100,Kedougou,13,6.2,353870,0,Riz,1,69.02,28.853333333333335,0.4063333333333333,0.0,0.7050691244239631,0.13316297528149834,0.6,0.75
MEN00101,Saint-Louis,8,1.2,1457996,1,Mil,1,85.58833333333334,28.904999999999998,0.3875,0.8691204756076242,0.1843317972350229,0.7175563711194408,0.07368421052631578,0.52
MEN00102,Kedougou,10,1.5,859563,1,Arachide,1,69.02,28.853333333333335,0.4063333333333333,0.0,0.7050691244239631,0.40081689296976636,0.10526315789473684,0.63
MEN00103,Diourbel,14,5.5,1464108,1,Sorgho,1,77.41499999999999,29.205,0.3998333333333334,0.44037419129218375,0.5253456221198167,0.7207913392619911,0.5263157894736842,0.47
MEN00104,Sedhiou,9,8.3,1342509,1,Riz,0,77.26333333333334,29.096666666666668,0.38083333333333336,0.4324182549396751,0.0,0.6564312458120606,0.8210526315789475,0.39
MEN00105,Kedougou,4,3.1,1045400,0,Maïs,1,69.02,28.853333333333335,0.4063333333333333,0.0,0.7050691244239631,0.49917696736556516,0.2736842105263158,0.74
MEN00106,Kaffrine,3,5.2,781604,0,Maïs,0,69.33833333333334,29.235,0.394,0.016698723553069186,0.36405529953917076,0.35955464142770494,0.4947368421052632,0.65
MEN00107,Kaffrine,7,3.7,1946164,1,Sorgho,0,69.33833333333334,29.235,0.394,0.016698723553069186,0.36405529953917076,0.9759346316254127,0.3368421052631579,0.43
MEN00108,Ziguinchor,6,1.3,1610106,1,Maïs,0,84.96000000000001,28.91166666666667,0.39566666666666667,0.8361601678615149,0.4101382488479261,0.798065370491713,0.08421052631578947,0.32
MEN00109,Matam,10,6.6,1129326,1,Mil,0,82.14833333333333,28.875,0.38383333333333336,0.6886693477880748,0.08294930875576054,0.5435974412418213,0.6421052631578947,0.37
MEN00110,Kaolack,6,4.3,610247,1,Sorgho,1,72.70166666666667,28.84333333333333,0.4056666666666667,0.1931281692603605,0.6866359447004612,0.26885856223873345,0.39999999999999997,0.57
MEN00111,Sedhiou,11,5.5,992346,1,Riz,1,77.26333333333334,29.096666666666668,0.38083333333333336,0.4324182549396751,0.0,0.4710964700103845,0.5263157894736842,0.61
MEN00112,Kaolack,7,2.9,353033,0,Riz,0,72.70166666666667,28.84333333333333,0.4056666666666667,0.1931281692603605,0.6866359447004612,0.13271996671878325,0.25263157894736843,0.62
MEN00113,Matam,11,9.5,1547377,0,Arachide,0,82.14833333333333,28.875,0.38383333333333336,0.6886693477880748,0.08294930875576054,0.7648640752341805,0.9473684210526315,0.44
MEN00114,Matam,10,3.1,1336453,1,Mil,0,82.14833333333333,28.875,0.38383333333333336,0.6886693477880748,0.08294930875576054,0.6532259174299787,0.2736842105263158,0.41
MEN00115,Kaolack,6,3.9,733901,0,Sorgho,0,72.70166666666667,28.84333333333333,0.4056666666666667,0.1931281692603605,0.6866359447004612,0.3343063290415666,0.35789473684210527,0.57
MEN00116,Kaolack,3,9.8,1260477,1,Arachide,1,72.70166666666667,28.84333333333333,0.4056666666666667,0.1931281692603605,0.6866359447004612,0.6130132309773605,0.9789473684210527,0.44
MEN00117,Thies,3,6.0,1084396,1,Maïs,1,80.42,29.023333333333333,0.412,0.5980066445182728,0.8617511520737324,0.5198168262803053,0.5789473684210527,0.39
MEN00118,Diourbel,3,2.9,1907164,1,Mil,0,77.41499999999999,29.205,0.3998333333333334,0.44037419129218375,0.5253456221198167,0.9552926555849248,0.25263157894736843,0.33
MEN00119,Kolda,10,1.2,1420043,0,Arachide,0,79.40833333333333,29.543333333333333,0.417,0.5449379262108761,1.0,0.6974685527434245,0.07368421052631578,0.43
MEN00120,Tambacounda,12,9.5,278637,0,Mil,1,76.045,28.790000000000003,0.4086666666666667,0.36850848050358487,0.7695852534562218,0.09334354493652328,0.9473684210526315,0.62
MEN00121,Louga,12,8.0,573300,1,Maïs,1,77.45166666666667,28.598333333333336,0.39033333333333337,0.44229760447630734,0.26267281105990836,0.2493032009882743,0.7894736842105263,0.55
MEN00122,Kaolack,12,9.9,740428,0,Sorgho,0,72.70166666666667,28.84333333333333,0.4056666666666667,0.1931281692603605,0.6866359447004612,0.3377609489804452,0.9894736842105264,0.47
MEN00123,Tambacounda,6,6.4,655003,0,Arachide,0,76.045,28.790000000000003,0.4086666666666667,0.36850848050358487,0.7695852534562218,0.29254708223022263,0.6210526315789474,0.49
MEN00124,Diourbel,11,1.2,105611,1,Maïs,1,77.41499999999999,29.205,0.3998333333333334,0.44037419129218375,0.5253456221198167,0.0017640950293063133,0.07368421052631578,0.65
MEN00125,Kaolack,3,2.7,1582593,1,Maïs,0,72.70166666666667,28.84333333333333,0.4056666666666667,0.1931281692603605,0.6866359447004612,0.7835032503173042,0.23157894736842108,0.37
MEN00126,Saint-Louis,6,9.3,1752195,0,Maïs,0,85.58833333333334,28.904999999999998,0.3875,0.8691204756076242,0.1843317972350229,0.8732704405844537,0.9263157894736843,0.37
MEN00127,Ziguinchor,6,6.7,657071,0,Mil,0,84.96000000000001,28.91166666666667,0.39566666666666667,0.8361601678615149,0.4101382488479261,0.2936416362418054,0.6526315789473685,0.46
MEN00128,Diourbel,7,6.2,1828557,1,Maïs,0,77.41499999999999,29.205,0.3998333333333334,0.44037419129218375,0.5253456221198167,0.9136874296717291,0.6,0.28
MEN00129,Sedhiou,14,3.4,944121,1,Sorgho,1,77.26333333333334,29.096666666666668,0.38083333333333336,0.4324182549396751,0.0,0.4455718727141658,0.30526315789473685,0.65
MEN00130,Sedhiou,4,6.2,1965254,1,Riz,1,77.26333333333334,29.096666666666668,0.38083333333333336,0.4324182549396751,0.0,0.9860386142565131,0.6,0.53
MEN00131,Dakar,4,2.7,1514106,0,Riz,0,75.38833333333334,29.01833333333333,0.39783333333333337,0.3340618989333803,0.4700460829493097,0.7472543525458967,0.23157894736842108,0.54
MEN00132,Tambacounda,5,5.0,1466314,1,Riz,0,76.045,28.790000000000003,0.4086666666666667,0.36850848050358487,0.7695852534562218,0.7219589341118711,0.47368421052631576,0.29
MEN00133,Louga,9,6.5,1131223,0,Maïs,1,77.45166666666667,28.598333333333336,0.39033333333333337,0.44229760447630734,0.26267281105990836,0.544601488127688,0.631578947368421,0.68
MEN00134,Kolda,8,3.6,319361,0,Riz,1,79.40833333333333,29.543333333333333,0.417,0.5449379262108761,1.0,0.11489800217428814,0.3263157894736842,0.62
MEN00135,Matam,10,3.2,939809,0,Maïs,0,82.14833333333333,28.875,0.38383333333333336,0.6886693477880748,0.08294930875576054,0.44328961115809956,0.28421052631578947,0.59
MEN00136,Kaffrine,7,3.6,1720150,1,Sorgho,0,69.33833333333334,29.235,0.394,0.016698723553069186,0.36405529953917076,0.8563096169378528,0.3263157894736842,0.45
MEN00137,Saint-Louis,11,4.9,213674,0,Sorgho,1,85.58833333333334,28.904999999999998,0.3875,0.8691204756076242,0.1843317972350229,0.05895983494887671,0.46315789473684216,0.71
MEN00138,Louga,10,6.4,1693815,0,Arachide,1,77.45166666666667,28.598333333333336,0.39033333333333337,0.44229760447630734,0.26267281105990836,0.8423709902961541,0.6210526315789474,0.64
MEN00139,Ziguinchor,5,9.3,1018796,1,Mil,0,84.96000000000001,28.91166666666667,0.39566666666666667,0.8361601678615149,0.4101382488479261,0.4850959640173308,0.9263157894736843,0.24
MEN00140,Saint-Louis,12,8.1,1588522,0,Riz,0,85.58833333333334,28.904999999999998,0.3875,0.8691204756076242,0.1843317972350229,0.7866413599568953,0.7999999999999999,0.4
MEN00141,Ziguinchor,9,1.4,1864555,0,Maïs,0,84.96000000000001,28.91166666666667,0.39566666666666667,0.8361601678615149,0.4101382488479261,0.9327405028385364,0.09473684210526315,0.45
MEN00142,Saint-Louis,5,5.2,1602826,1,Sorgho,1,85.58833333333334,28.904999999999998,0.3875,0.8691204756076242,0.1843317972350229,0.794212201630822,0.4947368421052632,0.45
MEN00143,Kolda,10,9.8,611140,1,Sorgho,0,79.40833333333333,29.543333333333333,0.417,0.5449379262108761,1.0,0.26933121056191694,0.9789473684210527,0.2
MEN00144,Kolda,6,9.3,1165858,0,Mil,1,79.40833333333333,29.543333333333333,0.417,0.5449379262108761,1.0,0.5629331506959522,0.9263157894736843,0.47
MEN00145,Tambacounda,9,3.7,1751963,1,Mil,1,76.045,28.790000000000003,0.4086666666666667,0.36850848050358487,0.7695852534562218,0.8731476472910846,0.3368421052631579,0.44
MEN00146,Matam,7,8.5,1316187,1,Arachide,1,82.14833333333333,28.875,0.38383333333333336,0.6886693477880748,0.08294930875576054,0.6424994998290421,0.8421052631578947,0.47
MEN00147,Ziguinchor,10,3.8,1257454,1,Maïs,1,84.96000000000001,28.91166666666667,0.39566666666666667,0.8361601678615149,0.4101382488479261,0.6114132131935043,0.34736842105263155,0.46
MEN00148,Kedougou,6,9.8,600811,1,Arachide,1,69.02,28.853333333333335,0.4063333333333333,0.0,0.7050691244239631,0.2638642625998093,0.9789473684210527,0.52
MEN00149,Dakar,8,7.6,1578970,1,Maïs,0,75.38833333333334,29.01833333333333,0.39783333333333337,0.3340618989333803,0.4700460829493097,0.7815856636712866,0.7473684210526316,0.31
MEN00150,Sedhiou,3,1.7,1337698,1,Mil,1,77.26333333333334,29.096666666666668,0.38083333333333336,0.4324182549396751,0.0,0.6538848728189636,0.12631578947368421,0.65
MEN00151,Thies,11,9.1,132186,0,Maïs,0,80.42,29.023333333333333,0.412,0.5980066445182728,0.8617511520737324,0.015829749215869552,0.9052631578947368,0.42
MEN00152,Thies,10,7.9,655793,1,Sorgho,1,80.42,29.023333333333333,0.412,0.5980066445182728,0.8617511520737324,0.2929652145654017,0.7789473684210527,0.4
MEN00153,Saint-Louis,4,8.6,1887489,1,Riz,1,85.58833333333334,28.904999999999998,0.3875,0.8691204756076242,0.1843317972350229,0.9448790433132171,0.8526315789473684,0.37
MEN00154,Kedougou,11,0.8,243488,0,Riz,0,69.02,28.853333333333335,0.4063333333333333,0.0,0.7050691244239631,0.07473983170967431,0.03157894736842106,0.69
MEN00155,Matam,4,4.6,306450,0,Maïs,0,82.14833333333333,28.875,0.38383333333333336,0.6886693477880748,0.08294930875576054,0.10806444954201277,0.431578947368421,0.61
MEN00156,Matam,7,9.1,196450,1,Mil,1,82.14833333333333,28.875,0.38383333333333336,0.6886693477880748,0.08294930875576054,0.04984349147909815,0.9052631578947368,0.55
MEN00157,Kaffrine,8,4.6,612119,1,Sorgho,0,69.33833333333334,29.235,0.394,0.016698723553069186,0.36405529953917076,0.26984937708867685,0.431578947368421,0.52
MEN00158,Diourbel,5,1.3,1926283,1,Sorgho,0,77.41499999999999,29.205,0.3998333333333334,0.44037419129218375,0.5253456221198167,0.9654119873776963,0.08421052631578947,0.35
MEN00159,Sedhiou,12,1.9,1067101,1,Maïs,1,77.26333333333334,29.096666666666668,0.38083333333333336,0.4324182549396751,0.0,0.5106629038285043,0.14736842105263157,0.66
MEN00160,Saint-Louis,3,9.0,1075706,1,Sorgho,0,85.58833333333334,28.904999999999998,0.3875,0.8691204756076242,0.1843317972350229,0.5152173705933351,0.8947368421052632,0.28
MEN00161,Thies,10,9.5,1332227,1,Maïs,1,80.42,29.023333333333333,0.412,0.5980066445182728,0.8617511520737324,0.6509891740774889,0.9473684210526315,0.32
MEN00162,Sedhiou,7,2.4,906760,1,Mil,0,77.26333333333334,29.096666666666668,0.38083333333333336,0.4324182549396751,0.0,0.4257973889488153,0.19999999999999998,0.52
MEN00163,Kolda,12,3.9,720489,1,Mil,1,79.40833333333333,29.543333333333333,0.417,0.5449379262108761,1.0,0.3272076064093865,0.35789473684210527,0.44
MEN00164,Kaolack,3,5.9,1538225,0,Sorgho,1,72.70166666666667,28.84333333333333,0.4056666666666667,0.1931281692603605,0.6866359447004612,0.760020091523346,0.5684210526315789,0.62
MEN00165,Kedougou,7,7.9,582593,1,Arachide,0,69.02,28.853333333333335,0.4063333333333333,0.0,0.7050691244239631,0.25422181338171673,0.7789473684210527,0.4
MEN00166,Louga,7,6.9,1611896,0,Mil,0,77.45166666666667,28.598333333333336,0.39033333333333337,0.44229760447630734,0.26267281105990836,0.7990127842638277,0.6736842105263158,0.49
MEN00167,Kaolack,10,0.8,865169,0,Mil,1,72.70166666666667,28.84333333333333,0.4056666666666667,0.1931281692603605,0.6866359447004612,0.4037840447052273,0.03157894736842106,0.76
MEN00168,Kaffrine,14,4.4,521097,0,Sorgho,1,69.33833333333334,29.235,0.394,0.016698723553069186,0.36405529953917076,0.22167312213592583,0.41052631578947374,0.83
MEN00169,Ziguinchor,11,9.2,1841627,0,Riz,1,84.96000000000001,28.91166666666667,0.39566666666666667,0.8361601678615149,0.4101382488479261,0.9206051380524772,0.9157894736842105,0.48
MEN00170,Tambacounda,7,7.6,810337,0,Maïs,0,76.045,28.790000000000003,0.4086666666666667,0.36850848050358487,0.7695852534562218,0.37476248495517517,0.7473684210526316,0.45
MEN00171,Diourbel,6,8.7,1618792,1,Sorgho,1,77.41499999999999,29.205,0.3998333333333334,0.44037419129218375,0.5253456221198167,0.8026627090529356,0.863157894736842,0.41
MEN00172,Thies,9,0.6,1225273,0,Maïs,1,80.42,29.023333333333333,0.412,0.5980066445182728,0.8617511520737324,0.5943804072714801,0.010526315789473682,0.62
MEN00173,Saint-Louis,14,6.9,1325911,1,Riz,0,85.58833333333334,28.904999999999998,0.3875,0.8691204756076242,0.1843317972350229,0.6476462325218038,0.6736842105263158,0.29
MEN00174,Saint-Louis,6,5.0,1399283,1,Sorgho,0,85.58833333333334,28.904999999999998,0.3875,0.8691204756076242,0.1843317972350229,0.6864806701126417,0.47368421052631576,0.32
MEN00175,Saint-Louis,4,6.5,1073639,1,Maïs,0,85.58833333333334,28.904999999999998,0.3875,0.8691204756076242,0.1843317972350229,0.5141233458631892,0.631578947368421,0.32
MEN00176,Diourbel,3,9.5,738298,1,Mil,0,77.41499999999999,29.205,0.3998333333333334,0.44037419129218375,0.5253456221198167,0.33663357951977235,0.9473684210526315,0.31
MEN00177,Fatick,11,1.8,1051359,1,Sorgho,1,88.08333333333333,28.970000000000002,0.397,1.0,0.44700460829493127,0.5023309554482643,0.1368421052631579,0.46
MEN00178,Louga,14,7.4,1956847,1,Mil,1,77.45166666666667,28.598333333333336,0.39033333333333337,0.44229760447630734,0.26267281105990836,0.9815889452161956,0.7263157894736842,0.45
MEN00179,Louga,9,9.4,686657,0,Riz,0,77.45166666666667,28.598333333333336,0.39033333333333337,0.44229760447630734,0.26267281105990836,0.3093009568349817,0.9368421052631579,0.52
MEN00180,Sedhiou,10,9.5,1894009,1,Mil,1,77.26333333333334,29.096666666666668,0.38083333333333336,0.4324182549396751,0.0,0.9483299582820371,0.9473684210526315,0.48
MEN00181,Ziguinchor,13,3.9,934959,1,Arachide,0,84.96000000000001,28.91166666666667,0.39566666666666667,0.8361601678615149,0.4101382488479261,0.4407225961889619,0.35789473684210527,0.33
MEN00182,Kedougou,10,1.4,544818,0,Mil,1,69.02,28.853333333333335,0.4063333333333333,0.0,0.7050691244239631,0.2342282071014749,0.09473684210526315,0.81
MEN00183,Fatick,5,8.0,530347,0,Sorgho,0,88.08333333333333,28.970000000000002,0.397,1.0,0.44700460829493127,0.22656897542758,0.7894736842105263,0.41
MEN00184,Louga,6,8.2,588633,1,Arachide,0,77.45166666666667,28.598333333333336,0.39033333333333337,0.44229760447630734,0.26267281105990836,0.25741867326080764,0.8105263157894737,0.4
MEN00185,Kaolack,5,9.9,1232913,1,Arachide,0,72.70166666666667,28.84333333333333,0.4056666666666667,0.1931281692603605,0.6866359447004612,0.598424117449668,0.9894736842105264,0.29
MEN00186,Saint-Louis,3,1.8,851288,0,Sorgho,1,85.58833333333334,28.904999999999998,0.3875,0.8691204756076242,0.1843317972350229,0.3964370890791244,0.1368421052631579,0.71
MEN00187,Dakar,5,3.0,365831,1,Sorgho,0,75.38833333333334,29.01833333333333,0.39783333333333337,0.3340618989333803,0.4700460829493097,0.1394937105486849,0.2631578947368421,0.48
MEN00188,Matam,4,5.0,1731619,1,Sorgho,0,82.14833333333333,28.875,0.38383333333333336,0.6886693477880748,0.08294930875576054,0.8623799457380671,0.47368421052631576,0.35
MEN00189,Sedhiou,11,2.6,1389972,0,Sorgho,1,77.26333333333334,29.096666666666668,0.38083333333333336,0.4324182549396751,0.0,0.6815525306533344,0.2210526315789474,0.78
MEN00190,Sedhiou,13,9.7,227560,1,Maïs,1,77.26333333333334,29.096666666666668,0.38083333333333336,0.4324182549396751,0.0,0.06630943698216428,0.9684210526315788,0.61
MEN00191,Saint-Louis,4,5.2,1030217,0,Mil,1,85.58833333333334,28.904999999999998,0.3875,0.8691204756076242,0.1843317972350229,0.49114088730857214,0.4947368421052632,0.64
MEN00192,Louga,5,1.1,676750,1,Maïs,1,77.45166666666667,28.598333333333336,0.39033333333333337,0.44229760447630734,0.26267281105990836,0.30405736563926083,0.06315789473684212,0.65
MEN00193,Sedhiou,11,6.3,307992,0,Sorgho,0,77.26333333333334,29.096666666666668,0.38083333333333336,0.4324182549396751,0.0,0.10888060151776745,0.6105263157894737,0.66
MEN00194,Kolda,10,8.9,967829,1,Maïs,1,79.40833333333333,29.543333333333333,0.417,0.5449379262108761,1.0,0.4581200770210347,0.8842105263157896,0.34
MEN00195,Kolda,14,1.4,994988,1,Riz,1,79.40833333333333,29.543333333333333,0.417,0.5449379262108761,1.0,0.4724948315667683,0.09473684210526315,0.46
MEN00196,Diourbel,13,9.3,240788,0,Mil,0,77.41499999999999,29.205,0.3998333333333334,0.44037419129218375,0.5253456221198167,0.07331077182994823,0.9263157894736843,0.51
MEN00197,Kolda,4,7.6,881497,0,Sorgho,0,79.40833333333333,29.543333333333333,0.417,0.5449379262108761,1.0,0.41242615200751154,0.7473684210526316,0.37
MEN00198,Louga,11,5.8,1505119,0,Maïs,1,77.45166666666667,28.598333333333336,0.39033333333333337,0.44229760447630734,0.26267281105990836,0.7424977002721566,0.5578947368421052,0.66
MEN00199,Kedougou,13,9.4,986962,0,Riz,1,69.02,28.853333333333335,0.4063333333333333,0.0,0.7050691244239631,0.4682468187539233,0.9368421052631579,0.65
MEN00200,Kaffrine,4,6.0,546145,0,Maïs,0,69.33833333333334,29.235,0.394,0.016698723553069186,0.36405529953917076,0.23493056356828843,0.5789473684210527,0.65
MEN00201,Kedougou,4,3.8,1266573,1,Mil,1,69.02,28.853333333333335,0.4063333333333333,0.0,0.7050691244239631,0.6162397306169198,0.34736842105263155,0.56
MEN00202,Louga,6,8.2,1872418,0,Sorgho,1,77.45166666666667,28.598333333333336,0.39033333333333337,0.44229760447630734,0.26267281105990836,0.9369022427771608,0.8105263157894737,0.6
MEN00203,Dakar,5,3.1,1698888,1,Riz,1,75.38833333333334,29.01833333333333,0.39783333333333337,0.3340618989333803,0.4700460829493097,0.8450560350257283,0.2736842105263158,0.52
MEN00204,Dakar,5,8.8,1287661,1,Mil,0,75.38833333333334,29.01833333333333,0.39783333333333337,0.3340618989333803,0.4700460829493097,0.6274012175590176,0.8736842105263158,0.31
MEN00205,Matam,13,9.7,292429,0,Maïs,1,82.14833333333333,28.875,0.38383333333333336,0.6886693477880748,0.08294930875576054,0.1006433945147389,0.9684210526315788,0.69
MEN00206,Sedhiou,8,2.0,753550,1,Sorgho,0,77.26333333333334,29.096666666666668,0.38083333333333336,0.4324182549396751,0.0,0.34470617999591396,0.15789473684210525,0.54
MEN00207,Dakar,5,2.0,1395700,0,Mil,1,75.38833333333334,29.01833333333333,0.39783333333333337,0.3340618989333803,0.4700460829493097,0.6845842547241014,0.15789473684210525,0.71
MEN00208,Sedhiou,13,4.5,1373130,1,Maïs,1,77.26333333333334,29.096666666666668,0.38083333333333336,0.4324182549396751,0.0,0.6726383726924653,0.42105263157894735,0.6
MEN00209,Fatick,11,1.6,1001594,0,Riz,1,88.08333333333333,28.970000000000002,0.397,1.0,0.44700460829493127,0.4759912647391648,0.11578947368421054,0.62
MEN00210,Ziguinchor,13,3.4,562460,1,Sorgho,0,84.96000000000001,28.91166666666667,0.39566666666666667,0.8361601678615149,0.4101382488479261,0.24356579021189254,0.30526315789473685,0.37
MEN00211,Dakar,6,3.4,542989,0,Riz,1,75.38833333333334,29.01833333333333,0.39783333333333337,0.3340618989333803,0.4700460829493097,0.2332601513533197,0.30526315789473685,0.76
MEN00212,Kaffrine,4,0.6,1666602,1,Arachide,0,69.33833333333334,29.235,0.394,0.016698723553069186,0.36405529953917076,0.827967654552826,0.010526315789473682,0.5
MEN00213,Kolda,11,7.2,1149126,1,Mil,1,79.40833333333333,29.543333333333333,0.417,0.5449379262108761,1.0,0.5540772136931459,0.7052631578947368,0.35
MEN00214,Kedougou,14,0.9,139303,1,Mil,1,69.02,28.853333333333335,0.4063333333333333,0.0,0.7050691244239631,0.019596645202540126,0.042105263157894736,0.7
MEN00215,Louga,9,5.9,1587927,1,Riz,0,77.45166666666667,28.598333333333336,0.39033333333333337,0.44229760447630734,0.26267281105990836,0.7863264375019187,0.5684210526315789,0.36
MEN00216,Kolda,3,9.7,460444,1,Riz,0,79.40833333333333,29.543333333333333,0.417,0.5449379262108761,1.0,0.18957061514147164,0.9684210526315788,0.22
MEN00217,Kolda,4,2.8,1334952,1,Sorgho,0,79.40833333333333,29.543333333333333,0.417,0.5449379262108761,1.0,0.6524314659931384,0.2421052631578947,0.26
MEN00218,Kolda,7,7.6,564670,1,Arachide,0,79.40833333333333,29.543333333333333,0.417,0.5449379262108761,1.0,0.2447355021875202,0.7473684210526316,0.24
MEN00219,Ziguinchor,13,1.6,1169446,0,Riz,1,84.96000000000001,28.91166666666667,0.39566666666666667,0.8361601678615149,0.4101382488479261,0.564832212491677,0.11578947368421054,0.65
MEN00220,Matam,13,8.2,595491,0,Arachide,1,82.14833333333333,28.875,0.38383333333333336,0.6886693477880748,0.08294930875576054,0.26104848535531194,0.8105263157894737,0.68
MEN00221,Fatick,5,6.2,1694287,0,Arachide,1,88.08333333333333,28.970000000000002,0.397,1.0,0.44700460829493127,0.8426208111343877,0.6,0.49
MEN00222,Sedhiou,12,7.7,1041422,1,Riz,0,77.26333333333334,29.096666666666668,0.38083333333333336,0.4324182549396751,0.0,0.4970714858094354,0.7578947368421053,0.43
MEN00223,Sedhiou,4,5.0,1424110,1,Riz,0,77.26333333333334,29.096666666666668,0.38083333333333336,0.4324182549396751,0.0,0.6996211403474415,0.47368421052631576,0.44
MEN00224,Kaffrine,11,1.2,1068344,1,Mil,0,69.33833333333334,29.235,0.394,0.016698723553069186,0.36405529953917076,0.5113208006546153,0.07368421052631578,0.54
MEN00225,Kaffrine,7,1.2,1912463,0,Sorgho,1,69.33833333333334,29.235,0.394,0.016698723553069186,0.36405529953917076,0.9580973179192465,0.07368421052631578,0.77
MEN00226,Sedhiou,12,5.8,1760562,0,Maïs,0,77.26333333333334,29.096666666666668,0.38083333333333336,0.4324182549396751,0.0,0.8776989383672938,0.5578947368421052,0.55
MEN00227,Kaffrine,12,5.0,416378,0,Maïs,0,69.33833333333334,29.235,0.394,0.016698723553069186,0.36405529953917076,0.16624729934146804,0.47368421052631576,0.68
MEN00228,Tambacounda,8,9.8,276851,0,Mil,0,76.045,28.790000000000003,0.4086666666666667,0.36850848050358487,0.7695852534562218,0.09239824829015632,0.9789473684210527,0.46
MEN00229,Matam,10,9.9,1199051,0,Riz,1,82.14833333333333,28.875,0.38383333333333336,0.6886693477880748,0.08294930875576054,0.5805015894321551,0.9894736842105264,0.61
MEN00230,Kaolack,9,4.4,809607,0,Riz,0,72.70166666666667,28.84333333333333,0.4056666666666667,0.1931281692603605,0.6866359447004612,0.3743761095062122,0.41052631578947374,0.56
MEN00231,Kaffrine,4,5.8,910683,1,Riz,0,69.33833333333334,29.235,0.394,0.016698723553069186,0.36405529953917076,0.4278737600259136,0.5578947368421052,0.48
MEN00232,Kaffrine,4,6.0,396596,1,Riz,1,69.33833333333334,29.235,0.394,0.016698723553069186,0.36405529953917076,0.15577705395600824,0.5789473684210527,0.66
MEN00233,Diourbel,12,7.2,277668,1,Sorgho,1,77.41499999999999,29.205,0.3998333333333334,0.44037419129218375,0.5253456221198167,0.09283067122413269,0.7052631578947368,0.54
MEN00234,Saint-Louis,8,8.2,1505335,0,Maïs,1,85.58833333333334,28.904999999999998,0.3875,0.8691204756076242,0.1843317972350229,0.7426120250625347,0.8105263157894737,0.56
MEN00235,Dakar,8,3.4,549194,1,Maïs,0,75.38833333333334,29.01833333333333,0.39783333333333337,0.3340618989333803,0.4700460829493097,0.23654434266950503,0.30526315789473685,0.46
MEN00236,Fatick,5,2.0,720320,0,Sorgho,0,88.08333333333333,28.970000000000002,0.397,1.0,0.44700460829493127,0.32711815784654436,0.15789473684210525,0.49
MEN00237,Saint-Louis,8,8.8,1396105,0,Sorgho,1,85.58833333333334,28.904999999999998,0.3875,0.8691204756076242,0.1843317972350229,0.6847986137060604,0.8736842105263158,0.56
MEN00238,Diourbel,5,2.2,1553002,0,Maïs,0,77.41499999999999,29.205,0.3998333333333334,0.44037419129218375,0.5253456221198167,0.7678412833169432,0.17894736842105266,0.51
MEN00239,Kolda,8,6.9,598136,1,Sorgho,1,79.40833333333333,29.543333333333333,0.417,0.5449379262108761,1.0,0.26244843475600654,0.6736842105263158,0.4
MEN00240,Tambacounda,14,7.9,590739,0,Riz,1,76.045,28.790000000000003,0.4086666666666667,0.36850848050358487,0.7695852534562218,0.258533339966994,0.7789473684210527,0.62
MEN00241,Kedougou,6,4.0,1296256,1,Maïs,1,69.02,28.853333333333335,0.4063333333333333,0.0,0.7050691244239631,0.6319503915094788,0.3684210526315789,0.56
MEN00242,Tambacounda,9,5.3,977995,0,Arachide,0,76.045,28.790000000000003,0.4086666666666667,0.36850848050358487,0.7695852534562218,0.4635007521089219,0.5052631578947369,0.48
MEN00243,Kedougou,7,1.0,1107871,1,Sorgho,0,69.02,28.853333333333335,0.4063333333333333,0.0,0.7050691244239631,0.5322417080123683,0.05263157894736842,0.47
MEN00244,Matam,11,8.6,697820,0,Arachide,1,82.14833333333333,28.875,0.38383333333333336,0.6886693477880748,0.08294930875576054,0.31520932551549363,0.8526315789473684,0.67
MEN00245,Sedhiou,11,1.9,1017446,0,Arachide,1,77.26333333333334,29.096666666666668,0.38083333333333336,0.4324182549396751,0.0,0.48438143407746775,0.14736842105263157,0.82
MEN00246,Kaffrine,3,4.4,931424,1,Arachide,1,69.33833333333334,29.235,0.394,0.016698723553069186,0.36405529953917076,0.43885158630939464,0.41052631578947374,0.65
MEN00247,Thies,8,2.6,768330,0,Riz,0,80.42,29.023333333333333,0.412,0.5980066445182728,0.8617511520737324,0.3525289596338219,0.2210526315789474,0.47
MEN00248,Diourbel,3,3.2,1840136,1,Arachide,1,77.41499999999999,29.205,0.3998333333333334,0.44037419129218375,0.5253456221198167,0.9198159794300063,0.28421052631578947,0.48
MEN00249,Sedhiou,12,0.5,266148,0,Riz,0,77.26333333333334,29.096666666666668,0.38083333333333336,0.4324182549396751,0.0,0.08673334907063472,0.0,0.75
MEN00250,Kedougou,5,5.7,1625121,1,Mil,1,69.02,28.853333333333335,0.4063333333333333,0.0,0.7050691244239631,0.8060125312673009,0.5473684210526316,0.51
MEN00251,Fatick,7,1.7,600043,1,Sorgho,1,88.08333333333333,28.970000000000002,0.397,1.0,0.44700460829493127,0.2634577744562427,0.12631578947368421,0.5
MEN00252,Thies,4,8.4,1148217,0,Sorgho,0,80.42,29.023333333333333,0.412,0.5980066445182728,0.8617511520737324,0.5535960968669714,0.8315789473684211,0.35
MEN00253,Matam,5,3.3,103280,1,Arachide,1,82.14833333333333,28.875,0.38383333333333336,0.6886693477880748,0.08294930875576054,0.0005303399998094586,0.29473684210526313,0.65
MEN00254,Diourbel,13,6.8,1197826,1,Mil,0,77.41499999999999,29.205,0.3998333333333334,0.44037419129218375,0.5253456221198167,0.5798532196719091,0.6631578947368421,0.32
MEN00255,Kolda,10,0.9,911348,1,Riz,0,79.40833333333333,29.543333333333333,0.417,0.5449379262108761,1.0,0.4282257321814758,0.042105263157894736,0.32
MEN00256,Kaffrine,4,3.8,1637088,0,Sorgho,1,69.33833333333334,29.235,0.394,0.016698723553069186,0.36405529953917076,0.812346442223109,0.34736842105263155,0.75
MEN00257,Diourbel,3,3.8,809985,0,Maïs,1,77.41499999999999,29.205,0.3998333333333334,0.44037419129218375,0.5253456221198167,0.3745761778893738,0.34736842105263155,0.7
MEN00258,Saint-Louis,5,8.2,232331,1,Mil,1,85.58833333333334,28.904999999999998,0.3875,0.8691204756076242,0.1843317972350229,0.06883463871778396,0.8105263157894737,0.51
MEN00259,Fatick,3,8.0,1957637,0,Riz,1,88.08333333333333,28.970000000000002,0.397,1.0,0.44700460829493127,0.9820070775513747,0.7894736842105263,0.44
MEN00260,Ziguinchor,9,9.9,1238817,1,Riz,0,84.96000000000001,28.91166666666667,0.39566666666666667,0.8361601678615149,0.4101382488479261,0.6015489950533357,0.9894736842105264,0.21
MEN00261,Tambacounda,13,2.3,848629,0,Riz,1,76.045,28.790000000000003,0.4086666666666667,0.36850848050358487,0.7695852534562218,0.3950297297383127,0.1894736842105263,0.68
MEN00262,Thies,8,4.7,938906,1,Maïs,1,80.42,29.023333333333333,0.412,0.5980066445182728,0.8617511520737324,0.4428116700205467,0.4421052631578948,0.43
MEN00263,Diourbel,10,7.1,870382,1,Mil,1,77.41499999999999,29.205,0.3998333333333334,0.44037419129218375,0.5253456221198167,0.4065431888359725,0.6947368421052631,0.49
MEN00264,Thies,9,6.2,1824574,0,Sorgho,1,80.42,29.023333333333333,0.412,0.5980066445182728,0.8617511520737324,0.9115793017084146,0.6,0.48
MEN00265,Kaffrine,4,1.3,1486048,1,Riz,1,69.33833333333334,29.235,0.394,0.016698723553069186,0.36405529953917076,0.7324037739883579,0.08421052631578947,0.65
MEN00266,Louga,14,4.5,1546541,1,Riz,1,77.45166666666667,28.598333333333336,0.39033333333333337,0.44229760447630734,0.26267281105990836,0.7644215959529024,0.42105263157894735,0.53
MEN00267,Dakar,14,8.8,839370,1,Riz,0,75.38833333333334,29.01833333333333,0.39783333333333337,0.3340618989333803,0.4700460829493097,0.3901291129137261,0.8736842105263158,0.35
MEN00268,Thies,13,6.6,861918,0,Mil,0,80.42,29.023333333333333,0.412,0.5980066445182728,0.8617511520737324,0.4020633507537497,0.6421052631578947,0.4
MEN00269,Kedougou,12,6.9,1018915,0,Arachide,0,69.02,28.853333333333335,0.4063333333333333,0.0,0.7050691244239631,0.48515894850832614,0.6736842105263158,0.54
MEN00270,Fatick,13,4.0,902903,0,Sorgho,0,88.08333333333333,28.970000000000002,0.397,1.0,0.44700460829493127,0.42375595044655473,0.3684210526315789,0.44
MEN00271,Saint-Louis,10,9.5,880168,1,Mil,0,85.58833333333334,28.904999999999998,0.3875,0.8691204756076242,0.1843317972350229,0.4117227369778242,0.9473684210526315,0.29
MEN00272,Ziguinchor,8,4.3,1462227,1,Arachide,0,84.96000000000001,28.91166666666667,0.39566666666666667,0.8361601678615149,0.4101382488479261,0.7197957608791153,0.39999999999999997,0.28
MEN00273,Dakar,14,2.3,1185790,1,Sorgho,0,75.38833333333334,29.01833333333333,0.39783333333333337,0.3340618989333803,0.4700460829493097,0.5734827882969523,0.1894736842105263,0.42
MEN00274,Kaolack,7,7.2,549986,1,Maïs,0,72.70166666666667,28.84333333333333,0.4056666666666667,0.1931281692603605,0.6866359447004612,0.236963533567558,0.7052631578947368,0.38
MEN00275,Thies,5,8.6,1048002,0,Maïs,0,80.42,29.023333333333333,0.412,0.5980066445182728,0.8617511520737324,0.5005541576644715,0.8526315789473684,0.36
MEN00276,Tambacounda,13,9.7,770224,1,Mil,1,76.045,28.790000000000003,0.4086666666666667,0.36850848050358487,0.7695852534562218,0.3535314186753779,0.9684210526315788,0.42
MEN00277,Kaolack,5,7.3,1568466,0,Riz,0,72.70166666666667,28.84333333333333,0.4056666666666667,0.1931281692603605,0.6866359447004612,0.7760260914577152,0.7157894736842105,0.45
MEN00278,Thies,6,8.0,596471,1,Mil,1,80.42,29.023333333333333,0.412,0.5980066445182728,0.8617511520737324,0.2615671811635088,0.7894736842105263,0.4
MEN00279,Ziguinchor,12,4.0,1785400,0,Sorgho,0,84.96000000000001,28.91166666666667,0.39566666666666667,0.8361601678615149,0.4101382488479261,0.8908452306978999,0.3684210526315789,0.41
MEN00280,Thies,7,4.3,1603518,1,Sorgho,1,80.42,29.023333333333333,0.412,0.5980066445182728,0.8617511520737324,0.7945784643851814,0.39999999999999997,0.38
MEN00281,Tambacounda,9,8.3,254666,0,Riz,0,76.045,28.790000000000003,0.4086666666666667,0.36850848050358487,0.7695852534562218,0.08065613961174031,0.8210526315789475,0.49
MEN00282,Sedhiou,10,7.0,822499,0,Sorgho,0,77.26333333333334,29.096666666666668,0.38083333333333336,0.4324182549396751,0.0,0.3811996057911858,0.6842105263157895,0.6
MEN00283,Tambacounda,5,4.6,1920771,0,Mil,0,76.045,28.790000000000003,0.4086666666666667,0.36850848050358487,0.7695852534562218,0.9624945880973074,0.431578947368421,0.41
MEN00284,Kaolack,5,2.0,1587577,0,Riz,1,72.70166666666667,28.84333333333333,0.4056666666666667,0.1931281692603605,0.6866359447004612,0.7861411889989912,0.15789473684210525,0.68
MEN00285,Kedougou,4,2.9,1431811,1,Arachide,1,69.02,28.853333333333335,0.4063333333333333,0.0,0.7050691244239631,0.7036971366932825,0.25263157894736843,0.57
MEN00286,Louga,11,1.4,1444248,0,Sorgho,0,77.45166666666667,28.598333333333336,0.39033333333333337,0.44229760447630734,0.26267281105990836,0.7102798099244504,0.09473684210526315,0.59
MEN00287,Diourbel,13,6.4,1991632,1,Sorgho,0,77.41499999999999,29.205,0.3998333333333334,0.44037419129218375,0.5253456221198167,1.0,0.6210526315789474,0.26
MEN00288,Kedougou,3,1.3,1445225,1,Arachide,1,69.02,28.853333333333335,0.4063333333333333,0.0,0.7050691244239631,0.7107969178883364,0.08421052631578947,0.59
MEN00289,Louga,13,0.8,1964361,1,Riz,1,77.45166666666667,28.598333333333336,0.39033333333333337,0.44229760447630734,0.26267281105990836,0.9855659659333296,0.03157894736842106,0.56
MEN00290,Fatick,13,4.4,1051150,0,Mil,0,88.08333333333333,28.970000000000002,0.397,1.0,0.44700460829493127,0.5022203356279448,0.41052631578947374,0.42
MEN00291,Sedhiou,9,5.1,527867,1,Sorgho,0,77.26333333333334,29.096666666666668,0.38083333333333336,0.4324182549396751,0.0,0.22525635746397976,0.4842105263157894,0.51
MEN00292,Kaffrine,14,3.5,1905180,1,Maïs,0,69.33833333333334,29.235,0.394,0.016698723553069186,0.36405529953917076,0.9542425612140446,0.3157894736842105,0.43
MEN00293,Tambacounda,8,5.4,322683,1,Arachide,1,76.045,28.790000000000003,0.4086666666666667,0.36850848050358487,0.7695852534562218,0.11665627510778817,0.5157894736842106,0.53
MEN00294,Thies,7,4.8,395441,0,Mil,1,80.42,29.023333333333333,0.412,0.5980066445182728,0.8617511520737324,0.15516573389634764,0.4526315789473684,0.62
MEN00295,Kolda,12,4.5,1914681,0,Riz,1,79.40833333333333,29.543333333333333,0.417,0.5449379262108761,1.0,0.9592712641463697,0.42105263157894735,0.48
MEN00296,Fatick,5,5.2,1179456,1,Maïs,1,88.08333333333333,28.970000000000002,0.397,1.0,0.44700460829493127,0.5701303196754023,0.4947368421052632,0.4
MEN00297,Sedhiou,3,1.4,924688,1,Arachide,0,77.26333333333334,29.096666666666668,0.38083333333333336,0.4324182549396751,0.0,0.43528634655019655,0.09473684210526315,0.53
MEN00298,Louga,8,1.0,690047,1,Sorgho,1,77.45166666666667,28.598333333333336,0.39033333333333337,0.44229760447630734,0.26267281105990836,0.31109522090619335,0.05263157894736842,0.65
MEN00299,Kaolack,11,0.6,325437,1,Arachide,1,72.70166666666667,28.84333333333333,0.4056666666666667,0.1931281692603605,0.6866359447004612,0.11811391618510877,0.010526315789473682,0.65
MEN00300,Matam,8,7.8,867426,0,Maïs,0,82.14833333333333,28.875,0.38383333333333336,0.6886693477880748,0.08294930875576054,0.4049786329083909,0.7684210526315789,0.52
MEN00301,Louga,11,2.3,1260192,1,Mil,1,77.45166666666667,28.598333333333336,0.39033333333333337,0.44229760447630734,0.26267281105990836,0.6128623857678339,0.1894736842105263,0.59
MEN00302,Ziguinchor,10,7.8,686616,0,Arachide,0,84.96000000000001,28.91166666666667,0.39566666666666667,0.8361601678615149,0.4101382488479261,0.30927925629606734,0.7684210526315789,0.44
MEN00303,Kolda,8,8.1,811113,1,Arachide,0,79.40833333333333,29.543333333333333,0.417,0.5449379262108761,1.0,0.3751732073502372,0.7999999999999999,0.21
MEN00304,Louga,11,4.3,184420,0,Mil,0,77.45166666666667,28.598333333333336,0.39033333333333337,0.44229760447630734,0.26267281105990836,0.04347623579276303,0.39999999999999997,0.64
MEN00305,Matam,8,8.1,1189119,1,Arachide,0,82.14833333333333,28.875,0.38383333333333336,0.6886693477880748,0.08294930875576054,0.5752447662005109,0.7999999999999999,0.34
MEN00306,Kaffrine,12,3.5,924085,1,Sorgho,1,69.33833333333334,29.235,0.394,0.016698723553069186,0.36405529953917076,0.43496718984372434,0.3157894736842105,0.66
MEN00307,Ziguinchor,11,5.6,1586335,1,Maïs,0,84.96000000000001,28.91166666666667,0.39566666666666667,0.8361601678615149,0.4101382488479261,0.7854838214543172,0.5368421052631579,0.25
MEN00308,Kaffrine,8,6.9,973548,1,Mil,1,69.33833333333334,29.235,0.394,0.016698723553069186,0.36405529953917076,0.4611470375588693,0.6736842105263158,0.6
MEN00309,Kaolack,13,7.9,1727729,0,Mil,1,72.70166666666667,28.84333333333333,0.4056666666666667,0.1931281692603605,0.6866359447004612,0.8603210409483877,0.7789473684210527,0.58
MEN00310,Diourbel,11,6.5,1399680,1,Arachide,0,77.41499999999999,29.205,0.3998333333333334,0.44037419129218375,0.5253456221198167,0.6866907948431051,0.631578947368421,0.31
MEN00311,Dakar,12,9.5,330467,0,Mil,1,75.38833333333334,29.01833333333333,0.39783333333333337,0.3340618989333803,0.4700460829493097,0.12077620181289478,0.9473684210526315,0.68
MEN00312,Kaffrine,9,1.9,1548084,0,Maïs,1,69.33833333333334,29.235,0.394,0.016698723553069186,0.36405529953917076,0.7652382772100941,0.14736842105263157,0.79
MEN00313,Kedougou,14,7.4,1580117,0,Sorgho,0,69.02,28.853333333333335,0.4063333333333333,0.0,0.7050691244239631,0.7821927494794517,0.7263157894736842,0.48
MEN00314,Ziguinchor,8,10.0,1103216,1,Riz,0,84.96000000000001,28.91166666666667,0.39566666666666667,0.8361601678615149,0.4101382488479261,0.5297779029234331,1.0,0.22
MEN00315,Sedhiou,11,3.8,842993,1,Sorgho,1,77.26333333333334,29.096666666666668,0.38083333333333336,0.4324182549396751,0.0,0.3920466995597437,0.34736842105263155,0.65
MEN00316,Fatick,6,3.2,725998,0,Riz,1,88.08333333333333,28.970000000000002,0.397,1.0,0.44700460829493127,0.3301234178454646,0.28421052631578947,0.62
MEN00317,Matam,6,7.1,1125513,1,Maïs,1,82.14833333333333,28.875,0.38383333333333336,0.6886693477880748,0.08294930875576054,0.5415792911227859,0.6947368421052631,0.51
MEN00318,Ziguinchor,14,3.1,355588,1,Maïs,1,84.96000000000001,28.91166666666667,0.39566666666666667,0.8361601678615149,0.4101382488479261,0.13407228079015368,0.2736842105263158,0.54
MEN00319,Tambacounda,5,3.3,703204,0,Riz,1,76.045,28.790000000000003,0.4086666666666667,0.36850848050358487,0.7695852534562218,0.3180589767719549,0.29473684210526313,0.68
MEN00320,Saint-Louis,7,7.6,548762,0,Sorgho,1,85.58833333333334,28.904999999999998,0.3875,0.8691204756076242,0.1843317972350229,0.23631569308874886,0.7473684210526316,0.64
MEN00321,Ziguinchor,14,3.1,329064,0,Arachide,0,84.96000000000001,28.91166666666667,0.39566666666666667,0.8361601678615149,0.4101382488479261,0.12003361995687414,0.2736842105263158,0.54
MEN00322,Saint-Louis,11,2.6,588293,0,Mil,1,85.58833333333334,28.904999999999998,0.3875,0.8691204756076242,0.1843317972350229,0.2572387175722496,0.2210526315789474,0.72
MEN00323,Kaffrine,14,5.0,1528563,0,Mil,0,69.33833333333334,29.235,0.394,0.016698723553069186,0.36405529953917076,0.7549061742796744,0.47368421052631576,0.59
MEN00324,Kolda,13,9.4,1942137,1,Maïs,0,79.40833333333333,29.543333333333333,0.417,0.5449379262108761,1.0,0.9738032152788731,0.9368421052631579,0.1
MEN00325,Tambacounda,7,3.6,1454546,0,Mil,0,76.045,28.790000000000003,0.4086666666666667,0.36850848050358487,0.7695852534562218,0.715730350162013,0.3263157894736842,0.47
MEN00326,Ziguinchor,14,7.4,178220,0,Maïs,0,84.96000000000001,28.91166666666667,0.39566666666666667,0.8361601678615149,0.4101382488479261,0.04019469088376239,0.7263157894736842,0.49
MEN00327,Dakar,9,8.0,490723,1,Mil,0,75.38833333333334,29.01833333333333,0.39783333333333337,0.3340618989333803,0.4700460829493097,0.2055967277704443,0.7894736842105263,0.39
MEN00328,Kaolack,12,6.2,802634,1,Maïs,1,72.70166666666667,28.84333333333333,0.4056666666666667,0.1931281692603605,0.6866359447004612,0.3706854300464603,0.6,0.53
MEN00329,Diourbel,11,4.9,504354,0,Riz,0,77.41499999999999,29.205,0.3998333333333334,0.44037419129218375,0.5253456221198167,0.2128113630373133,0.46315789473684216,0.56
MEN00330,Matam,10,6.7,1607009,0,Mil,1,82.14833333333333,28.875,0.38383333333333336,0.6886693477880748,0.08294930875576054,0.7964261858815235,0.6526315789473685,0.63
MEN00331,Tambacounda,7,5.9,1688137,0,Arachide,1,76.045,28.790000000000003,0.4086666666666667,0.36850848050358487,0.7695852534562218,0.8393657302972338,0.5684210526315789,0.56
MEN00332,Kedougou,9,5.4,281902,1,Mil,0,69.02,28.853333333333335,0.4063333333333333,0.0,0.7050691244239631,0.09507164882811797,0.5157894736842106,0.47
MEN00333,Diourbel,10,3.6,620192,0,Riz,1,77.41499999999999,29.205,0.3998333333333334,0.44037419129218375,0.5253456221198167,0.2741222661290579,0.3263157894736842,0.72
MEN00334,Fatick,10,7.7,791274,1,Sorgho,0,88.08333333333333,28.970000000000002,0.397,1.0,0.44700460829493127,0.364672792922872,0.7578947368421053,0.24
MEN00335,Kaolack,13,3.9,595562,0,Mil,1,72.70166666666667,28.84333333333333,0.4056666666666667,0.1931281692603605,0.6866359447004612,0.26108606433733433,0.35789473684210527,0.73
MEN00336,Kaolack,5,4.4,1153861,1,Mil,1,72.70166666666667,28.84333333333333,0.4056666666666667,0.1931281692603605,0.6866359447004612,0.5565833612970359,0.41052631578947374,0.53
MEN00337,Kaffrine,12,2.6,380114,1,Arachide,1,69.33833333333334,29.235,0.394,0.016698723553069186,0.36405529953917076,0.1470534373124359,0.2210526315789474,0.72
MEN00338,Matam,12,4.0,1572076,1,Sorgho,0,82.14833333333333,28.875,0.38383333333333336,0.6886693477880748,0.08294930875576054,0.7779367974450526,0.3684210526315789,0.37
MEN00339,Tambacounda,6,7.0,1349513,0,Sorgho,1,76.045,28.790000000000003,0.4086666666666667,0.36850848050358487,0.7695852534562218,0.6601383329963575,0.6842105263157895,0.57
MEN00340,Ziguinchor,14,3.9,1283147,0,Mil,0,84.96000000000001,28.91166666666667,0.39566666666666667,0.8361601678615149,0.4101382488479261,0.6250120411526903,0.35789473684210527,0.45
MEN00341,Louga,11,1.9,788112,1,Mil,0,77.45166666666667,28.598333333333336,0.39033333333333337,0.44229760447630734,0.26267281105990836,0.36299920501928173,0.14736842105263157,0.48
MEN00342,Matam,12,5.1,1985107,1,Mil,1,82.14833333333333,28.875,0.38383333333333336,0.6886693477880748,0.08294930875576054,0.9965464386239953,0.4842105263157894,0.47
MEN00343,Diourbel,11,4.4,1282607,0,Sorgho,1,77.41499999999999,29.205,0.3998333333333334,0.44037419129218375,0.5253456221198167,0.624726229176745,0.41052631578947374,0.65
MEN00344,Saint-Louis,7,7.4,930364,1,Mil,0,85.58833333333334,28.904999999999998,0.3875,0.8691204756076242,0.1843317972350229,0.4382905479862429,0.7263157894736842,0.31
MEN00345,Louga,4,0.9,822529,0,Sorgho,0,77.45166666666667,28.598333333333336,0.39033333333333337,0.44229760447630734,0.26267281105990836,0.38121548423429386,0.042105263157894736,0.65
MEN00346,Thies,10,0.8,957456,0,Arachide,1,80.42,29.023333333333333,0.412,0.5980066445182728,0.8617511520737324,0.45262984067570183,0.03157894736842106,0.64
MEN00347,Kaffrine,9,4.8,891667,1,Mil,0,69.33833333333334,29.235,0.394,0.016698723553069186,0.36405529953917076,0.4178089442211465,0.4526315789473684,0.49
MEN00348,Saint-Louis,8,1.6,1226712,1,Sorgho,0,85.58833333333334,28.904999999999998,0.3875,0.8691204756076242,0.1843317972350229,0.5951420432592304,0.11578947368421054,0.38
MEN00349,Matam,6,8.4,1685823,0,Riz,1,82.14833333333333,28.875,0.38383333333333336,0.6886693477880748,0.08294930875576054,0.838140973052165,0.8315789473684211,0.6
MEN00350,Saint-Louis,14,5.7,1215545,1,Arachide,0,85.58833333333334,28.904999999999998,0.3875,0.8691204756076242,0.1843317972350229,0.5892315574529707,0.5473684210526316,0.32
MEN00351,Sedhiou,8,2.0,495272,0,Mil,1,77.26333333333334,29.096666666666668,0.38083333333333336,0.4324182549396751,0.0,0.20800442902706429,0.15789473684210525,0.86
MEN00352,Louga,3,2.8,241119,0,Sorgho,0,77.45166666666667,28.598333333333336,0.39033333333333337,0.44229760447630734,0.26267281105990836,0.0734859639855739,0.2421052631578947,0.66
MEN00353,Sedhiou,12,6.9,1929162,0,Arachide,0,77.26333333333334,29.096666666666668,0.38083333333333336,0.4324182549396751,0.0,0.9669357886346338,0.6736842105263158,0.52
MEN00354,Kolda,10,2.7,555646,0,Arachide,1,79.40833333333333,29.543333333333333,0.417,0.5449379262108761,1.0,0.23995926650061344,0.23157894736842108,0.62
MEN00355,Fatick,14,6.0,1311052,1,Arachide,1,88.08333333333333,28.970000000000002,0.397,1.0,0.44700460829493127,0.6397816396503778,0.5789473684210527,0.38
MEN00356,Diourbel,13,5.5,967298,1,Riz,0,77.41499999999999,29.205,0.3998333333333334,0.44037419129218375,0.5253456221198167,0.4578390285780219,0.5263157894736842,0.36
MEN00357,Ziguinchor,12,8.9,467280,1,Sorgho,1,84.96000000000001,28.91166666666667,0.39566666666666667,0.8361601678615149,0.4101382488479261,0.19318878304436332,0.8842105263157896,0.44
MEN00358,Dakar,8,9.4,1507907,1,Sorgho,1,75.38833333333334,29.01833333333333,0.39783333333333337,0.3340618989333803,0.4700460829493097,0.7439733369183329,0.9368421052631579,0.44
MEN00359,Matam,9,4.4,728911,1,Arachide,1,82.14833333333333,28.875,0.38383333333333336,0.6886693477880748,0.08294930875576054,0.331665214671258,0.41052631578947374,0.58
MEN00360,Fatick,6,3.4,1583896,0,Maïs,0,88.08333333333333,28.970000000000002,0.397,1.0,0.44700460829493127,0.7841929040296313,0.30526315789473685,0.4
MEN00361,Ziguinchor,9,9.7,1268715,0,Maïs,0,84.96000000000001,28.91166666666667,0.39566666666666667,0.8361601678615149,0.4101382488479261,0.6173734514548359,0.9684210526315788,0.36
MEN00362,Kaolack,6,3.6,265822,1,Riz,0,72.70166666666667,28.84333333333333,0.4056666666666667,0.1931281692603605,0.6866359447004612,0.08656080332219372,0.3263157894736842,0.46
MEN00363,Ziguinchor,14,8.4,208080,1,Maïs,0,84.96000000000001,28.91166666666667,0.39566666666666667,0.8361601678615149,0.4101382488479261,0.05599903459065903,0.8315789473684211,0.32
MEN00364,Kedougou,4,2.3,1697393,0,Maïs,0,69.02,28.853333333333335,0.4063333333333333,0.0,0.7050691244239631,0.8442647592775097,0.1894736842105263,0.55
MEN00365,Kedougou,8,3.4,132157,0,Arachide,0,69.02,28.853333333333335,0.4063333333333333,0.0,0.7050691244239631,0.01581440005419842,0.30526315789473685,0.66
MEN00366,Matam,10,9.2,1558834,0,Maïs,0,82.14833333333333,28.875,0.38383333333333336,0.6886693477880748,0.08294930875576054,0.7709280526571516,0.9157894736842105,0.44
MEN00367,Ziguinchor,8,7.9,898305,1,Sorgho,1,84.96000000000001,28.91166666666667,0.39566666666666667,0.8361601678615149,0.4101382488479261,0.42132231439952494,0.7789473684210527,0.42
MEN00368,Kaolack,7,3.9,1951390,1,Maïs,0,72.70166666666667,28.84333333333333,0.4056666666666667,0.1931281692603605,0.6866359447004612,0.978700656414838,0.35789473684210527,0.32
MEN00369,Tambacounda,14,5.0,1861043,1,Arachide,1,76.045,28.790000000000003,0.4086666666666667,0.36850848050358487,0.7695852534562218,0.9308816664320185,0.47368421052631576,0.41
MEN00370,Kaffrine,9,0.9,1912117,0,Arachide,0,69.33833333333334,29.235,0.394,0.016698723553069186,0.36405529953917076,0.9579141865420667,0.042105263157894736,0.62
MEN00371,Kaolack,11,9.4,1314550,1,Riz,0,72.70166666666667,28.84333333333333,0.4056666666666667,0.1931281692603605,0.6866359447004612,0.6416330661167785,0.9368421052631579,0.29
MEN00372,Fatick,8,2.7,1294935,0,Maïs,1,88.08333333333333,28.970000000000002,0.397,1.0,0.44700460829493127,0.631251210731287,0.23157894736842108,0.58
MEN00373,Kaolack,10,9.7,1445730,1,Maïs,0,72.70166666666667,28.84333333333333,0.4056666666666667,0.1931281692603605,0.6866359447004612,0.7110642050139889,0.9684210526315788,0.27
MEN00374,Matam,8,2.1,1610606,1,Arachide,0,82.14833333333333,28.875,0.38383333333333336,0.6886693477880748,0.08294930875576054,0.7983300112101809,0.16842105263157894,0.4
MEN00375,Ziguinchor,3,8.5,255882,0,Mil,1,84.96000000000001,28.91166666666667,0.39566666666666667,0.8361601678615149,0.4101382488479261,0.08129974583905399,0.8421052631578947,0.61
MEN00376,Diourbel,13,2.7,1583042,0,Mil,0,77.41499999999999,29.205,0.3998333333333334,0.44037419129218375,0.5253456221198167,0.7837408976824883,0.23157894736842108,0.5
MEN00377,Ziguinchor,10,4.0,1395694,1,Maïs,0,84.96000000000001,28.91166666666667,0.39566666666666667,0.8361601678615149,0.4101382488479261,0.6845810790354798,0.3684210526315789,0.29
MEN00378,Dakar,11,5.7,124853,0,Sorgho,1,75.38833333333334,29.01833333333333,0.39783333333333337,0.3340618989333803,0.4700460829493097,0.011948528438820888,0.5473684210526316,0.76
MEN00379,Ziguinchor,7,0.7,1805314,1,Arachide,0,84.96000000000001,28.91166666666667,0.39566666666666667,0.8361601678615149,0.4101382488479261,0.9013853412330352,0.021052631578947364,0.31
MEN00380,Thies,11,1.9,502510,1,Riz,1,80.42,29.023333333333333,0.412,0.5980066445182728,0.8617511520737324,0.21183536806760406,0.14736842105263157,0.5
MEN00381,Tambacounda,9,1.3,951501,1,Sorgho,0,76.045,28.790000000000003,0.4086666666666667,0.36850848050358487,0.7695852534562218,0.4494779697187504,0.08421052631578947,0.39
MEN00382,Matam,6,3.3,1836572,0,Mil,0,82.14833333333333,28.875,0.38383333333333336,0.6886693477880748,0.08294930875576054,0.9179296203887678,0.29473684210526313,0.51
MEN00383,Kolda,9,4.1,1098255,0,Mil,0,79.40833333333333,29.543333333333333,0.417,0.5449379262108761,1.0,0.5271521377147956,0.3789473684210526,0.41
MEN00384,Thies,10,8.5,1452468,1,Sorgho,0,80.42,29.023333333333333,0.412,0.5980066445182728,0.8617511520737324,0.7146305033360609,0.8421052631578947,0.17
MEN00385,Ziguinchor,3,2.7,1990106,1,Riz,0,84.96000000000001,28.91166666666667,0.39566666666666667,0.8361601678615149,0.4101382488479261,0.9991923165272363,0.23157894736842108,0.27
MEN00386,Thies,13,9.3,1985993,0,Arachide,1,80.42,29.023333333333333,0.412,0.5980066445182728,0.8617511520737324,0.9970153819771203,0.9263157894736843,0.42
MEN00387,Dakar,6,6.1,1677591,1,Mil,1,75.38833333333334,29.01833333333333,0.39783333333333337,0.3340618989333803,0.4700460829493097,0.8337839282633112,0.5894736842105263,0.48
MEN00388,Diourbel,12,2.8,1850389,1,Sorgho,1,77.41499999999999,29.205,0.3998333333333334,0.44037419129218375,0.5253456221198167,0.9252427020029068,0.2421052631578947,0.48
MEN00389,Kolda,14,1.8,1545588,0,Sorgho,1,79.40833333333333,29.543333333333333,0.417,0.5449379262108761,1.0,0.7639171907435028,0.1368421052631579,0.56
MEN00390,Dakar,4,4.7,1858828,0,Riz,1,75.38833333333334,29.01833333333333,0.39783333333333337,0.3340618989333803,0.4700460829493097,0.9297093080492063,0.4421052631578948,0.63
MEN00391,Tambacounda,8,0.8,673208,1,Maïs,0,76.045,28.790000000000003,0.4086666666666667,0.36850848050358487,0.7695852534562218,0.30218265078963497,0.03157894736842106,0.42
MEN00392,Kaffrine,11,9.4,1005650,0,Sorgho,1,69.33833333333334,29.235,0.394,0.016698723553069186,0.36405529953917076,0.47813803024737556,0.9368421052631579,0.71
MEN00393,Thies,12,3.3,616842,0,Mil,1,80.42,29.023333333333333,0.412,0.5980066445182728,0.8617511520737324,0.27234917331532366,0.29473684210526313,0.62
MEN00394,Diourbel,9,7.3,1429386,0,Maïs,1,77.41499999999999,29.205,0.3998333333333334,0.44037419129218375,0.5253456221198167,0.7024136292087136,0.7157894736842105,0.59
MEN00395,Kaffrine,4,1.4,746483,1,Riz,1,69.33833333333334,29.235,0.394,0.016698723553069186,0.36405529953917076,0.34096574808109015,0.09473684210526315,0.71
MEN00396,Thies,5,1.3,1003829,1,Sorgho,1,80.42,29.023333333333333,0.412,0.5980066445182728,0.8617511520737324,0.47717420875071587,0.08421052631578947,0.47
MEN00397,Thies,3,1.4,1262283,0,Sorgho,1,80.42,29.023333333333333,0.412,0.5980066445182728,0.8617511520737324,0.6139691132524662,0.09473684210526315,0.6
MEN00398,Kedougou,9,0.6,967822,1,Mil,0,69.02,28.853333333333335,0.4063333333333333,0.0,0.7050691244239631,0.45811637205097616,0.010526315789473682,0.49
MEN00399,Louga,11,2.1,898452,0,Arachide,1,77.45166666666667,28.598333333333336,0.39033333333333337,0.44229760447630734,0.26267281105990836,0.42140011877075445,0.16842105263157894,0.77
MEN00400,Kaolack,7,5.2,232680,0,Maïs,1,72.70166666666667,28.84333333333333,0.4056666666666667,0.1931281692603605,0.6866359447004612,0.06901935793927448,0.4947368421052632,0.74
MEN00401,Kolda,7,5.1,261315,1,Riz,0,79.40833333333333,29.543333333333333,0.417,0.5449379262108761,1.0,0.08417533188592503,0.4842105263157894,0.31
MEN00402,Matam,13,5.2,1393248,0,Maïs,0,82.14833333333333,28.875,0.38383333333333336,0.6886693477880748,0.08294930875576054,0.6832864566407354,0.4947368421052632,0.52
MEN00403,Diourbel,7,0.6,929826,1,Sorgho,1,77.41499999999999,29.205,0.3998333333333334,0.44037419129218375,0.5253456221198167,0.43800579457317157,0.010526315789473682,0.59
MEN00404,Tambacounda,8,4.7,1003067,0,Riz,1,76.045,28.790000000000003,0.4086666666666667,0.36850848050358487,0.7695852534562218,0.47677089629577096,0.4421052631578948,0.63
MEN00405,Louga,14,2.4,758890,0,Maïs,1,77.45166666666667,28.598333333333336,0.39033333333333337,0.44229760447630734,0.26267281105990836,0.34753254286915,0.19999999999999998,0.78
MEN00406,Kaolack,14,7.1,1129716,0,Riz,1,72.70166666666667,28.84333333333333,0.4056666666666667,0.1931281692603605,0.6866359447004612,0.5438038610022261,0.6947368421052631,0.64
MEN00407,Kaolack,9,4.0,1282480,0,Sorgho,0,72.70166666666667,28.84333333333333,0.4056666666666667,0.1931281692603605,0.6866359447004612,0.6246590104342542,0.3684210526315789,0.53
MEN00408,Saint-Louis,11,0.8,1625076,1,Arachide,1,85.58833333333334,28.904999999999998,0.3875,0.8691204756076242,0.1843317972350229,0.8059887136026388,0.03157894736842106,0.51
MEN00409,Tambacounda,7,8.4,245036,1,Maïs,0,76.045,28.790000000000003,0.4086666666666667,0.36850848050358487,0.7695852534562218,0.0755591593740506,0.8315789473684211,0.34
MEN00410,Saint-Louis,7,2.8,1481316,0,Maïs,1,85.58833333333334,28.904999999999998,0.3875,0.8691204756076242,0.1843317972350229,0.7298992142287787,0.2421052631578947,0.64
MEN00411,Thies,10,9.9,1105028,1,Sorgho,1,80.42,29.023333333333333,0.412,0.5980066445182728,0.8617511520737324,0.5307369608871604,0.9894736842105264,0.33
MEN00412,Ziguinchor,3,8.0,853987,0,Mil,0,84.96000000000001,28.91166666666667,0.39566666666666667,0.8361601678615149,0.4101382488479261,0.3978656196774136,0.7894736842105263,0.42
MEN00413,Saint-Louis,13,3.9,1456857,0,Sorgho,1,85.58833333333334,28.904999999999998,0.3875,0.8691204756076242,0.1843317972350229,0.7169535195627712,0.35789473684210527,0.63
MEN00414,Tambacounda,8,9.7,1002730,0,Mil,0,76.045,28.790000000000003,0.4086666666666667,0.36850848050358487,0.7695852534562218,0.47659252845152367,0.9684210526315788,0.41
MEN00415,Kaolack,6,5.4,1187997,0,Maïs,1,72.70166666666667,28.84333333333333,0.4056666666666667,0.1931281692603605,0.6866359447004612,0.5746509124282692,0.5157894736842106,0.66
MEN00416,Kolda,10,7.8,1334362,0,Riz,0,79.40833333333333,29.543333333333333,0.417,0.5449379262108761,1.0,0.6521191899453463,0.7684210526315789,0.33
MEN00417,Sedhiou,4,3.3,280050,0,Arachide,1,77.26333333333334,29.096666666666668,0.38083333333333336,0.4324182549396751,0.0,0.09409141960691327,0.29473684210526313,0.86
MEN00418,Kaolack,8,4.8,533832,1,Riz,1,72.70166666666667,28.84333333333333,0.4056666666666667,0.1931281692603605,0.6866359447004612,0.22841352123530054,0.4526315789473684,0.57
MEN00419,Thies,10,7.4,1048850,1,Mil,1,80.42,29.023333333333333,0.412,0.5980066445182728,0.8617511520737324,0.501002988322993,0.7263157894736842,0.37
MEN00420,Dakar,14,1.6,1880859,1,Mil,0,75.38833333333334,29.01833333333333,0.39783333333333337,0.3340618989333803,0.4700460829493097,0.9413699073863342,0.11578947368421054,0.38
MEN00421,Matam,6,5.4,1257439,0,Riz,1,82.14833333333333,28.875,0.38383333333333336,0.6886693477880748,0.08294930875576054,0.6114052739719502,0.5157894736842106,0.68
MEN00422,Sedhiou,6,8.1,1420703,0,Arachide,1,77.26333333333334,29.096666666666668,0.38083333333333336,0.4324182549396751,0.0,0.697817878491802,0.7999999999999999,0.69
MEN00423,Kolda,3,7.5,1951989,0,Maïs,1,79.40833333333333,29.543333333333333,0.417,0.5449379262108761,1.0,0.9790176959955625,0.7368421052631579,0.43
MEN00424,Kolda,3,7.2,531561,1,Mil,0,79.40833333333333,29.543333333333333,0.417,0.5449379262108761,1.0,0.2272115230920198,0.7052631578947368,0.25
MEN00425,Tambacounda,11,2.3,783639,0,Maïs,0,76.045,28.790000000000003,0.4086666666666667,0.36850848050358487,0.7695852534562218,0.36063172915186886,0.1894736842105263,0.54
MEN00426,Kaolack,13,8.7,1206698,1,Sorgho,1,72.70166666666667,28.84333333333333,0.4056666666666667,0.1931281692603605,0.6866359447004612,0.5845490045804016,0.863157894736842,0.46
MEN00427,Louga,9,6.1,829650,1,Maïs,0,77.45166666666667,28.598333333333336,0.39033333333333337,0.44229760447630734,0.26267281105990836,0.38498449734671214,0.5894736842105263,0.41
MEN00428,Kedougou,13,7.2,723787,0,Arachide,1,69.02,28.853333333333335,0.4063333333333333,0.0,0.7050691244239631,0.32895317658840006,0.7052631578947368,0.7
MEN00429,Thies,6,3.4,483872,1,Arachide,1,80.42,29.023333333333333,0.412,0.5980066445182728,0.8617511520737324,0.20197062064599858,0.30526315789473685,0.48
MEN00430,Kolda,12,1.8,904698,1,Arachide,1,79.40833333333333,29.543333333333333,0.417,0.5449379262108761,1.0,0.4247060106258541,0.1368421052631579,0.46
MEN00431,Saint-Louis,11,7.1,1453208,0,Sorgho,0,85.58833333333334,28.904999999999998,0.3875,0.8691204756076242,0.1843317972350229,0.7150221715993932,0.6947368421052631,0.43
MEN00432,Sedhiou,7,1.8,759722,1,Sorgho,0,77.26333333333334,29.096666666666668,0.38083333333333336,0.4324182549396751,0.0,0.34797290502468037,0.1368421052631579,0.54
MEN00433,Kedougou,8,9.5,1116298,0,Arachide,1,69.02,28.853333333333335,0.4063333333333333,0.0,0.7050691244239631,0.5367019626814244,0.9473684210526315,0.64
MEN00434,Ziguinchor,11,6.7,958016,1,Maïs,1,84.96000000000001,28.91166666666667,0.39566666666666667,0.8361601678615149,0.4101382488479261,0.4529262382803858,0.6526315789473685,0.43
MEN00435,Sedhiou,5,1.3,164719,0,Riz,0,77.26333333333334,29.096666666666668,0.38083333333333336,0.4324182549396751,0.0,0.03304886220369502,0.08421052631578947,0.75
MEN00436,Kaolack,6,5.6,452759,1,Sorgho,1,72.70166666666667,28.84333333333333,0.4056666666666667,0.1931281692603605,0.6866359447004612,0.18550308729862164,0.5368421052631579,0.57
MEN00437,Ziguinchor,11,1.6,339508,1,Sorgho,1,84.96000000000001,28.91166666666667,0.39566666666666667,0.8361601678615149,0.4101382488479261,0.12556143528422942,0.11578947368421054,0.56
MEN00438,Ziguinchor,3,7.7,1025612,0,Maïs,0,84.96000000000001,28.91166666666667,0.39566666666666667,0.8361601678615149,0.4101382488479261,0.48870354629148377,0.7578947368421053,0.41
MEN00439,Matam,13,7.6,724340,0,Maïs,1,82.14833333333333,28.875,0.38383333333333336,0.6886693477880748,0.08294930875576054,0.32924586922302546,0.7473684210526316,0.68
MEN00440,Kaffrine,4,4.7,346176,0,Arachide,1,69.33833333333334,29.235,0.394,0.016698723553069186,0.36405529953917076,0.12909068390571593,0.4421052631578948,0.84
MEN00441,Kedougou,14,6.3,997931,0,Sorgho,0,69.02,28.853333333333335,0.4063333333333333,0.0,0.7050691244239631,0.47405250683566974,0.6105263157894737,0.55
MEN00442,Tambacounda,6,8.2,1789131,0,Sorgho,1,76.045,28.790000000000003,0.4086666666666667,0.36850848050358487,0.7695852534562218,0.8928199797391065,0.8105263157894737,0.52
MEN00443,Ziguinchor,7,6.2,453112,1,Riz,1,84.96000000000001,28.91166666666667,0.39566666666666667,0.8361601678615149,0.4101382488479261,0.1856899236458599,0.6,0.48
MEN00444,Louga,7,9.5,1178806,0,Arachide,1,77.45166666666667,28.598333333333336,0.39033333333333337,0.44229760447630734,0.26267281105990836,0.5697862867413942,0.9473684210526315,0.63
MEN00445,Dakar,7,8.7,366103,0,Arachide,0,75.38833333333334,29.01833333333333,0.39783333333333337,0.3340618989333803,0.4700460829493097,0.13963767509953137,0.863157894736842,0.54
MEN00446,Matam,8,8.4,1696925,1,Maïs,0,82.14833333333333,28.875,0.38383333333333336,0.6886693477880748,0.08294930875576054,0.8440170555650238,0.8315789473684211,0.29
MEN00447,Louga,13,3.1,968692,1,Maïs,0,77.45166666666667,28.598333333333336,0.39033333333333337,0.44229760447630734,0.26267281105990836,0.4585768469011101,0.2736842105263158,0.45
MEN00448,Saint-Louis,4,4.3,1672449,1,Riz,1,85.58833333333334,28.904999999999998,0.3875,0.8691204756076242,0.1843317972350229,0.8310623631145884,0.39999999999999997,0.45
MEN00449,Sedhiou,8,6.0,1922231,0,Maïs,1,77.26333333333334,29.096666666666668,0.38083333333333336,0.4324182549396751,0.0,0.9632673389952333,0.5789473684210527,0.68
MEN00450,Kedougou,4,8.1,934070,0,Maïs,0,69.02,28.853333333333335,0.4063333333333333,0.0,0.7050691244239631,0.4402520649915262,0.7999999999999999,0.52
MEN00451,Sedhiou,7,3.6,694737,1,Sorgho,0,77.26333333333334,29.096666666666668,0.38083333333333336,0.4324182549396751,0.0,0.3135775508454212,0.3263157894736842,0.52
MEN00452,Louga,10,8.0,1975178,0,Mil,0,77.45166666666667,28.598333333333336,0.39033333333333337,0.44229760447630734,0.26267281105990836,0.9912912032366619,0.7894736842105263,0.44
MEN00453,Saint-Louis,10,0.7,1898625,0,Maïs,1,85.58833333333334,28.904999999999998,0.3875,0.8691204756076242,0.1843317972350229,0.9507731213949319,0.021052631578947364,0.64
MEN00454,Dakar,9,2.4,1544081,0,Riz,0,75.38833333333334,29.01833333333333,0.39783333333333337,0.3340618989333803,0.4700460829493097,0.7631195636180409,0.19999999999999998,0.54
MEN00455,Kedougou,7,1.4,855887,1,Mil,1,69.02,28.853333333333335,0.4063333333333333,0.0,0.7050691244239631,0.3988712544075912,0.09473684210526315,0.63
MEN00456,Saint-Louis,13,2.1,931188,1,Arachide,1,85.58833333333334,28.904999999999998,0.3875,0.8691204756076242,0.1843317972350229,0.43872667589027786,0.16842105263157894,0.55
MEN00457,Saint-Louis,4,7.2,102278,0,Maïs,0,85.58833333333334,28.904999999999998,0.3875,0.8691204756076242,0.1843317972350229,0.0,0.7052631578947368,0.53
MEN00458,Diourbel,12,2.6,1526027,1,Mil,0,77.41499999999999,29.205,0.3998333333333334,0.44037419129218375,0.5253456221198167,0.7535639165556057,0.2210526315789474,0.36
MEN00459,Matam,8,8.3,1904264,1,Arachide,1,82.14833333333333,28.875,0.38383333333333336,0.6886693477880748,0.08294930875576054,0.9537577394178116,0.8210526315789475,0.43
MEN00460,Thies,6,4.1,1632521,0,Mil,1,80.42,29.023333333333333,0.412,0.5980066445182728,0.8617511520737324,0.8099292139006242,0.3789473684210526,0.53
MEN00461,Kaffrine,7,1.8,1722064,0,Arachide,0,69.33833333333334,29.235,0.394,0.016698723553069186,0.36405529953917076,0.8573226616081475,0.1368421052631579,0.62
MEN00462,Ziguinchor,12,0.6,1463191,0,Maïs,1,84.96000000000001,28.91166666666667,0.39566666666666667,0.8361601678615149,0.4101382488479261,0.7203059881843212,0.010526315789473682,0.64
MEN00463,Matam,6,6.5,417454,1,Sorgho,1,82.14833333333333,28.875,0.38383333333333336,0.6886693477880748,0.08294930875576054,0.16681680616761072,0.631578947368421,0.58
MEN00464,Kedougou,6,1.3,310690,0,Mil,1,69.02,28.853333333333335,0.4063333333333333,0.0,0.7050691244239631,0.11030860283461966,0.08421052631578947,0.83
MEN00465,Kaffrine,9,3.5,393245,0,Riz,0,69.33833333333334,29.235,0.394,0.016698723553069186,0.36405529953917076,0.1540034318608371,0.3157894736842105,0.7
MEN00466,Fatick,11,6.2,1612423,1,Mil,1,88.08333333333333,28.970000000000002,0.397,1.0,0.44700460829493127,0.7992917155810928,0.6,0.35
MEN00467,Fatick,11,6.3,495620,1,Riz,0,88.08333333333333,28.970000000000002,0.397,1.0,0.44700460829493127,0.20818861896711785,0.6105263157894737,0.29
MEN00468,Tambacounda,6,5.2,336440,0,Maïs,0,76.045,28.790000000000003,0.4086666666666667,0.36850848050358487,0.7695852534562218,0.12393759983571104,0.4947368421052632,0.53
MEN00469,Ziguinchor,3,9.9,763691,0,Maïs,1,84.96000000000001,28.91166666666667,0.39566666666666667,0.8361601678615149,0.4101382488479261,0.35007362304787776,0.9894736842105264,0.55
MEN00470,Kaffrine,11,7.0,1699552,1,Mil,0,69.33833333333334,29.235,0.394,0.016698723553069186,0.36405529953917076,0.8454074778998536,0.6842105263157895,0.39
MEN00471,Louga,4,0.6,552445,0,Mil,1,77.45166666666667,28.598333333333336,0.39033333333333337,0.44229760447630734,0.26267281105990836,0.2382650366209826,0.010526315789473682,0.82
MEN00472,Ziguinchor,7,6.5,1150775,1,Maïs,1,84.96000000000001,28.91166666666667,0.39566666666666667,0.8361601678615149,0.4101382488479261,0.5549499987826527,0.631578947368421,0.42
MEN00473,Thies,13,5.6,1391944,0,Riz,0,80.42,29.023333333333333,0.412,0.5980066445182728,0.8617511520737324,0.6825962736469714,0.5368421052631579,0.38
MEN00474,Kaolack,4,5.4,526136,0,Sorgho,1,72.70166666666667,28.84333333333333,0.4056666666666667,0.1931281692603605,0.6866359447004612,0.22434017129664424,0.5157894736842106,0.71
MEN00475,Kolda,12,6.5,1850128,0,Riz,1,79.40833333333333,29.543333333333333,0.417,0.5449379262108761,1.0,0.9251045595478666,0.631578947368421,0.46
MEN00476,Matam,6,1.1,280801,1,Mil,1,82.14833333333333,28.875,0.38383333333333336,0.6886693477880748,0.08294930875576054,0.09448890996605189,0.06315789473684212,0.67
MEN00477,Louga,12,1.0,1496870,0,Mil,0,77.45166666666667,28.598333333333336,0.39033333333333337,0.44229760447630734,0.26267281105990836,0.7381316576988749,0.05263157894736842,0.59
MEN00478,Matam,5,7.2,443581,1,Riz,1,82.14833333333333,28.875,0.38383333333333336,0.6886693477880748,0.08294930875576054,0.18064534227042683,0.7052631578947368,0.56
MEN00479,Diourbel,8,1.7,1738135,1,Mil,0,77.41499999999999,29.205,0.3998333333333334,0.44037419129218375,0.5253456221198167,0.8658287435811394,0.12631578947368421,0.36
MEN00480,Kaffrine,9,3.1,233949,1,Sorgho,0,69.33833333333334,29.235,0.394,0.016698723553069186,0.36405529953917076,0.06969101608274575,0.2736842105263158,0.57
MEN00481,Sedhiou,10,5.4,216264,1,Sorgho,0,77.26333333333334,29.096666666666668,0.38083333333333336,0.4324182549396751,0.0,0.06033067387053988,0.5157894736842106,0.53
MEN00482,Kaffrine,5,2.9,315807,0,Arachide,0,69.33833333333334,29.235,0.394,0.016698723553069186,0.36405529953917076,0.11301693594741906,0.25263157894736843,0.72
MEN00483,Dakar,3,2.8,1089362,1,Maïs,0,75.38833333333334,29.01833333333333,0.39783333333333337,0.3340618989333803,0.4700460829493097,0.5224452378961275,0.2421052631578947,0.42
MEN00484,Diourbel,3,5.8,1597410,1,Arachide,1,77.41499999999999,29.205,0.3998333333333334,0.44037419129218375,0.5253456221198167,0.7913456133683788,0.5578947368421052,0.45
MEN00485,Fatick,9,9.2,770952,1,Mil,1,88.08333333333333,28.970000000000002,0.397,1.0,0.44700460829493127,0.353916735561467,0.9157894736842105,0.37
MEN00486,Thies,11,6.9,210461,0,Arachide,0,80.42,29.023333333333333,0.412,0.5980066445182728,0.8617511520737324,0.057259253692002667,0.6736842105263158,0.45
MEN00487,Kolda,4,8.8,1916201,1,Riz,1,79.40833333333333,29.543333333333333,0.417,0.5449379262108761,1.0,0.9600757719305117,0.8736842105263158,0.27
MEN00488,Thies,11,4.8,873679,0,Riz,1,80.42,29.023333333333333,0.412,0.5980066445182728,0.8617511520737324,0.4082882297335491,0.4526315789473684,0.58
MEN00489,Matam,12,2.8,872325,1,Arachide,0,82.14833333333333,28.875,0.38383333333333336,0.6886693477880748,0.08294930875576054,0.40757158266793836,0.2421052631578947,0.45
MEN00490,Diourbel,3,9.4,150143,0,Sorgho,1,77.41499999999999,29.205,0.3998333333333334,0.44037419129218375,0.5253456221198167,0.025334055978921896,0.9368421052631579,0.66
MEN00491,Saint-Louis,14,8.8,802582,0,Maïs,1,85.58833333333334,28.904999999999998,0.3875,0.8691204756076242,0.1843317972350229,0.37065790741173965,0.8736842105263158,0.6
MEN00492,Thies,6,5.5,599473,1,Maïs,0,80.42,29.023333333333333,0.412,0.5980066445182728,0.8617511520737324,0.26315608403718943,0.5263157894736842,0.29
MEN00493,Diourbel,14,3.2,192065,0,Sorgho,1,77.41499999999999,29.205,0.3998333333333334,0.44037419129218375,0.5253456221198167,0.047522592378135595,0.28421052631578947,0.76
MEN00494,Matam,8,4.9,1668458,0,Sorgho,0,82.14833333333333,28.875,0.38383333333333336,0.6886693477880748,0.08294930875576054,0.8289500008997784,0.46315789473684216,0.5
MEN00495,Ziguinchor,5,6.6,927014,0,Sorgho,0,84.96000000000001,28.91166666666667,0.39566666666666667,0.8361601678615149,0.4101382488479261,0.4365174551725087,0.6421052631578947,0.44
MEN00496,Kolda,13,9.7,596546,1,Riz,1,79.40833333333333,29.543333333333333,0.417,0.5449379262108761,1.0,0.26160687727127896,0.9684210526315788,0.36
MEN00497,Tambacounda,9,7.2,1642146,1,Riz,1,76.045,28.790000000000003,0.4086666666666667,0.36850848050358487,0.7695852534562218,0.8150235477311293,0.7052631578947368,0.39
MEN00498,Kaolack,6,1.2,525119,0,Sorgho,0,72.70166666666667,28.84333333333333,0.4056666666666667,0.1931281692603605,0.6866359447004612,0.22380189207528076,0.07368421052631578,0.63
MEN00499,Diourbel,4,2.1,1077388,1,Maïs,0,77.41499999999999,29.205,0.3998333333333334,0.44037419129218375,0.5253456221198167,0.5161076219702607,0.16842105263157894,0.4
MEN00500,Ziguinchor,8,9.7,535444,1,Riz,1,84.96000000000001,28.91166666666667,0.39566666666666667,0.8361601678615149,0.4101382488479261,0.22926672291164069,0.9684210526315788,0.42
